index,nlihc_id,subsidy_id,units_assist,poa_start,poa_end,contract_number,rent_to_fmr_description,subsidy_active,subsidy_info_source_id,subsidy_info_source,subsidy_info_source_date,update_dtm,program,compl_end,poa_end_prev,agency,poa_start_orig,portfolio,subsidy_info_source_property,poa_end_actual,index,nlihc_id,status,subsidized,cat_expiring,cat_failing_insp,proj_name,proj_addre,proj_city,proj_st,proj_zip,proj_units_tot,proj_units_assist_min,proj_units_assist_max,hud_own_effect_dt,hud_own_name,hud_own_type,hud_mgr_name,hud_mgr_type,subsidy_start_first,subsidy_start_last,subsidy_end_first,subsidy_end_last,ward2012,pbca,anc2012,psa2012,geo2010,cluster_tr2000,cluster_tr2000_name,zip,proj_image_url,proj_streetview_url,proj_address_id,proj_x,proj_y,proj_lat,proj_lon,bldg_count,update_dtm,subsidy_info_source_property,contract_number,nlihc_id_1,category_code,cat_at_risk,cat_more_info,cat_lost,cat_replaced
5,NL000001,6,136,2/1/04 0:00,5/1/45 0:00,,,Yes,98041,HUD/Insured Multifamily Mortgages,1/31/16 0:00,,Sec 542(c) HFA Risk Sharing-Recent Comp,5/1/45 0:00,,US Dept of Housing and Urban Development,7/1/05 0:00,HUD-insured mortgage,4230,,0,NL000001,Active,Yes,Yes,No,1330 7th St Apts (Immaculate Conception),1330 7th Street NW,Washington,DC,20001,137,136,137,1/30/04 0:00,1330 7th Street Limited Partnership,Limited dividend,Edgewood Management Corporation,Profit motivated,1/1/04 0:00,7/1/05 0:00,3/1/20 0:00,5/1/45 0:00,Ward 6,Yes,ANC 6E,PSA 308,Tract 49.02,Cluster 7,"Shaw, Logan Circle",ZIP 20001,http://citizenatlas.dc.gov/mobilevideo/20040926/QQ112940.jpg,"http://maps.google.com/maps?z=16&layer=c&cbll=38.90811789,-77.0221966&cbp=11,268.61496892357,,0,2.09",238401,398074.8,137806.65,38.90811789,-77.0221966,1,,4230,DC39M000025,NL000001,5 - Other Subsidized Property,No,No,No,No
2,NL000001,3,84,10/1/04 0:00,9/30/24 0:00,DC39M000025,Over 160% FMR,Yes,800003741/DC39M000025,HUD/Multifamily Assistance and Section 8 Contracts,1/29/16 0:00,,Sec 8 loan management set-aside,9/30/24 0:00,,US Dept of Housing and Urban Development,10/1/04 0:00,Project-based section 8,800003741,,0,NL000001,Active,Yes,Yes,No,1330 7th St Apts (Immaculate Conception),1330 7th Street NW,Washington,DC,20001,137,136,137,1/30/04 0:00,1330 7th Street Limited Partnership,Limited dividend,Edgewood Management Corporation,Profit motivated,1/1/04 0:00,7/1/05 0:00,3/1/20 0:00,5/1/45 0:00,Ward 6,Yes,ANC 6E,PSA 308,Tract 49.02,Cluster 7,"Shaw, Logan Circle",ZIP 20001,http://citizenatlas.dc.gov/mobilevideo/20040926/QQ112940.jpg,"http://maps.google.com/maps?z=16&layer=c&cbll=38.90811789,-77.0221966&cbp=11,268.61496892357,,0,2.09",238401,398074.8,137806.65,38.90811789,-77.0221966,1,,4230,DC39M000025,NL000001,5 - Other Subsidized Property,No,No,No,No
1,NL000001,2,50,11/1/04 0:00,10/31/24 0:00,DC39L000008,Over 160% FMR,Yes,800003741/DC39L000008,HUD/Multifamily Assistance and Section 8 Contracts,1/29/16 0:00,,Sec 8 loan management set-aside,10/31/24 0:00,9/30/24 0:00,US Dept of Housing and Urban Development,10/1/04 0:00,Project-based section 8,800003741,,0,NL000001,Active,Yes,Yes,No,1330 7th St Apts (Immaculate Conception),1330 7th Street NW,Washington,DC,20001,137,136,137,1/30/04 0:00,1330 7th Street Limited Partnership,Limited dividend,Edgewood Management Corporation,Profit motivated,1/1/04 0:00,7/1/05 0:00,3/1/20 0:00,5/1/45 0:00,Ward 6,Yes,ANC 6E,PSA 308,Tract 49.02,Cluster 7,"Shaw, Logan Circle",ZIP 20001,http://citizenatlas.dc.gov/mobilevideo/20040926/QQ112940.jpg,"http://maps.google.com/maps?z=16&layer=c&cbll=38.90811789,-77.0221966&cbp=11,268.61496892357,,0,2.09",238401,398074.8,137806.65,38.90811789,-77.0221966,1,,4230,DC39M000025,NL000001,5 - Other Subsidized Property,No,No,No,No
16,NL000016,3,16,6/1/00 0:00,5/1/40 0:00,,,Yes,98011,HUD/Insured Multifamily Mortgages,1/31/16 0:00,,Sec 542(c) HFA Risk Sharing-Existing,5/1/40 0:00,,US Dept of Housing and Urban Development,7/1/00 0:00,HUD-insured mortgage,7431,,7,NL000016,Active,Yes,Yes,No,636 Cooperative Apts,636 12th Street NE,Washington,DC,20002,16,16,16,,636 Cooperative Association,,,Individual,6/1/00 0:00,7/1/00 0:00,6/1/15 0:00,5/1/40 0:00,Ward 6,No,ANC 6A,PSA 104,Tract 84.02,Cluster 25,"NoMa, Union Station, Stanton Park, Kingman Park",ZIP 20002,http://citizenatlas.dc.gov/mobilevideo/20040825/MP105007.jpg,"http://maps.google.com/maps?z=16&layer=c&cbll=38.8983742,-76.99061073&cbp=11,263.710538436296,,0,2.09",2323,400814.48,136724.83,38.8983742,-76.99061073,1,,7431,,NL000016,5 - Other Subsidized Property,No,No,No,No
22,NL000021,4,96,5/1/09 0:00,5/1/44 0:00,,,Yes,11196,HUD/Insured Multifamily Mortgages,1/31/16 0:00,,Sec 207/223(f) Pur/Refin Hsg.,5/1/44 0:00,,US Dept of Housing and Urban Development,6/1/09 0:00,HUD-insured mortgage,17826,,10,NL000021,Active,Yes,Yes,No,Allen House,3760 Minnesota Avenue NE,Washington,DC,20019,96,96,96,9/28/90 0:00,Upper Room Housing Corporation,Non-profit,Equity Management II LLC,Profit motivated,10/21/91 0:00,6/1/09 0:00,10/20/31 0:00,5/1/44 0:00,Ward 7,Yes,ANC 7F,PSA 603,Tract 96.03,Cluster 32,"River Terrace, Benning, Greenway, Dupont Park",ZIP 20019,http://citizenatlas.dc.gov/mobilevideo/20040718/DI095550.jpg,"http://maps.google.com/maps?z=16&layer=c&cbll=38.8917806,-76.95199994&cbp=11,304.597443585832,,0,2.09",30794,404164.19,135993.94,38.8917806,-76.95199994,1,,17826,DC39T871003,NL000021,5 - Other Subsidized Property,No,No,No,No
21,NL000021,3,96,7/1/92 0:00,6/1/32 0:00,,,Yes,,HUD - Active 202/811 Loans,10/1/09 0:00,,Sec 202/8 direct loan/elderly-handicapped,6/1/32 0:00,,US Dept of Housing and Urban Development,7/1/92 0:00,Section 202/811,,,10,NL000021,Active,Yes,Yes,No,Allen House,3760 Minnesota Avenue NE,Washington,DC,20019,96,96,96,9/28/90 0:00,Upper Room Housing Corporation,Non-profit,Equity Management II LLC,Profit motivated,10/21/91 0:00,6/1/09 0:00,10/20/31 0:00,5/1/44 0:00,Ward 7,Yes,ANC 7F,PSA 603,Tract 96.03,Cluster 32,"River Terrace, Benning, Greenway, Dupont Park",ZIP 20019,http://citizenatlas.dc.gov/mobilevideo/20040718/DI095550.jpg,"http://maps.google.com/maps?z=16&layer=c&cbll=38.8917806,-76.95199994&cbp=11,304.597443585832,,0,2.09",30794,404164.19,135993.94,38.8917806,-76.95199994,1,,17826,DC39T871003,NL000021,5 - Other Subsidized Property,No,No,No,No
20,NL000021,2,95,10/21/11 0:00,10/20/31 0:00,DC39T871003,Between 101% & 120% FMR,Yes,800003669/DC39T871003,HUD/Multifamily Assistance and Section 8 Contracts,1/29/16 0:00,,Sec 202 new construction,10/20/31 0:00,,US Dept of Housing and Urban Development,10/21/91 0:00,Section 202/811,800003669,,10,NL000021,Active,Yes,Yes,No,Allen House,3760 Minnesota Avenue NE,Washington,DC,20019,96,96,96,9/28/90 0:00,Upper Room Housing Corporation,Non-profit,Equity Management II LLC,Profit motivated,10/21/91 0:00,6/1/09 0:00,10/20/31 0:00,5/1/44 0:00,Ward 7,Yes,ANC 7F,PSA 603,Tract 96.03,Cluster 32,"River Terrace, Benning, Greenway, Dupont Park",ZIP 20019,http://citizenatlas.dc.gov/mobilevideo/20040718/DI095550.jpg,"http://maps.google.com/maps?z=16&layer=c&cbll=38.8917806,-76.95199994&cbp=11,304.597443585832,,0,2.09",30794,404164.19,135993.94,38.8917806,-76.95199994,1,,17826,DC39T871003,NL000021,5 - Other Subsidized Property,No,No,No,No
24,NL000023,2,9,12/21/14 0:00,12/20/19 0:00,DC39T792003,Between 101% & 120% FMR,Yes,800003671/DC39T792003,HUD/Multifamily Assistance and Section 8 Contracts,1/29/16 0:00,,Sec 202 substantial rehabilitation,12/20/19 0:00,,US Dept of Housing and Urban Development,12/21/01 0:00,Section 202/811,800003671,,11,NL000023,Active,Yes,Yes,No,Anchor Housing,1609 Lawrence Street NE,Washington,DC,20018,9,9,9,,Anchor Housing Corp.,Non-profit,L. Hayes & Assoc. Inc.,Profit motivated,5/1/82 0:00,12/21/01 0:00,12/20/19 0:00,10/1/21 0:00,Ward 5,Yes,ANC 5B,PSA 504,Tract 93.01,Cluster 22,"Brookland, Brentwood, Langdon",ZIP 20018,http://citizenatlas.dc.gov/mobilevideo/20040619/MJ115935.jpg,"http://maps.google.com/maps?z=16&layer=c&cbll=38.93179601,-76.98202438&cbp=11,171.456888600403,,0,2.09",60033,401558.58,140435.04,38.93179601,-76.98202438,1,,,DC39T792003,NL000023,5 - Other Subsidized Property,No,No,No,No
23,NL000023,1,12,5/1/82 0:00,10/1/21 0:00,,,Yes,,HUD - Active 202/811 Loans,10/1/09 0:00,,Sec 202/8 direct loan/elderly-handicapped,10/1/21 0:00,,US Dept of Housing and Urban Development,5/1/82 0:00,Section 202/811,,,11,NL000023,Active,Yes,Yes,No,Anchor Housing,1609 Lawrence Street NE,Washington,DC,20018,9,9,9,,Anchor Housing Corp.,Non-profit,L. Hayes & Assoc. Inc.,Profit motivated,5/1/82 0:00,12/21/01 0:00,12/20/19 0:00,10/1/21 0:00,Ward 5,Yes,ANC 5B,PSA 504,Tract 93.01,Cluster 22,"Brookland, Brentwood, Langdon",ZIP 20018,http://citizenatlas.dc.gov/mobilevideo/20040619/MJ115935.jpg,"http://maps.google.com/maps?z=16&layer=c&cbll=38.93179601,-76.98202438&cbp=11,171.456888600403,,0,2.09",60033,401558.58,140435.04,38.93179601,-76.98202438,1,,,DC39T792003,NL000023,5 - Other Subsidized Property,No,No,No,No
27,NL000026,3,147,11/1/08 0:00,11/1/43 0:00,,,Yes,11193,HUD/Insured Multifamily Mortgages,1/31/16 0:00,,Sec 207/223(f) Pur/Refin Hsg.,11/1/43 0:00,,US Dept of Housing and Urban Development,12/1/08 0:00,HUD-insured mortgage,32,,12,NL000026,Active,Yes,Yes,No,Asbury Dwellings,1616 Marion Street NW,Washington,DC,20001,147,147,147,12/22/82 0:00,"Asbury Dwellings, Inc.",Non-profit,Edgewood Management Corporation,Profit motivated,1/1/83 0:00,12/1/08 0:00,12/1/22 0:00,11/1/43 0:00,Ward 6,Yes,ANC 6E,PSA 308,Tract 48.01,Cluster 7,"Shaw, Logan Circle",ZIP 20001,http://citizenatlas.dc.gov/mobilevideo/20040926/QQ090329.jpg,"http://maps.google.com/maps?z=16&layer=c&cbll=38.91208339,-77.02157786&cbp=11,87.1539099429913,,0,2.09",279266,398128.57,138246.84,38.91208339,-77.02157786,1,,32,DC392764201,NL000026,5 - Other Subsidized Property,No,No,No,No
26,NL000026,2,146,11/1/13 0:00,10/31/33 0:00,DC392764201,Between 101% & 120% FMR,Yes,800003672/DC392764201,HUD/Multifamily Assistance and Section 8 Contracts,1/29/16 0:00,,Sec 202 substantial rehabilitation,10/31/33 0:00,,US Dept of Housing and Urban Development,9/1/08 0:00,Section 202/811,800003672,,12,NL000026,Active,Yes,Yes,No,Asbury Dwellings,1616 Marion Street NW,Washington,DC,20001,147,147,147,12/22/82 0:00,"Asbury Dwellings, Inc.",Non-profit,Edgewood Management Corporation,Profit motivated,1/1/83 0:00,12/1/08 0:00,12/1/22 0:00,11/1/43 0:00,Ward 6,Yes,ANC 6E,PSA 308,Tract 48.01,Cluster 7,"Shaw, Logan Circle",ZIP 20001,http://citizenatlas.dc.gov/mobilevideo/20040926/QQ090329.jpg,"http://maps.google.com/maps?z=16&layer=c&cbll=38.91208339,-77.02157786&cbp=11,87.1539099429913,,0,2.09",279266,398128.57,138246.84,38.91208339,-77.02157786,1,,32,DC392764201,NL000026,5 - Other Subsidized Property,No,No,No,No
25,NL000026,1,147,1/1/83 0:00,12/1/22 0:00,,,Yes,,HUD - Active 202/811 Loans,10/1/09 0:00,,Sec 202/8 direct loan/elderly-handicapped,12/1/22 0:00,,US Dept of Housing and Urban Development,1/1/83 0:00,Section 202/811,,,12,NL000026,Active,Yes,Yes,No,Asbury Dwellings,1616 Marion Street NW,Washington,DC,20001,147,147,147,12/22/82 0:00,"Asbury Dwellings, Inc.",Non-profit,Edgewood Management Corporation,Profit motivated,1/1/83 0:00,12/1/08 0:00,12/1/22 0:00,11/1/43 0:00,Ward 6,Yes,ANC 6E,PSA 308,Tract 48.01,Cluster 7,"Shaw, Logan Circle",ZIP 20001,http://citizenatlas.dc.gov/mobilevideo/20040926/QQ090329.jpg,"http://maps.google.com/maps?z=16&layer=c&cbll=38.91208339,-77.02157786&cbp=11,87.1539099429913,,0,2.09",279266,398128.57,138246.84,38.91208339,-77.02157786,1,,32,DC392764201,NL000026,5 - Other Subsidized Property,No,No,No,No
31,NL000028,2,108,7/1/04 0:00,7/1/26 0:00,,,No,35431,HUD/Insured Multifamily Mortgages,1/31/16 0:00,,Sec 223(a)(7)/221(d)(3) MKT Refi/Moderate Income,7/1/26 0:00,,US Dept of Housing and Urban Development,8/1/04 0:00,HUD-insured mortgage,3828,10/20/15 0:00,14,NL000028,Active,Yes,Yes,No,Atlantic Gardens,4216 4th Street SE,Washington,DC,20032,108,108,108,,Washington Rehabilitation Associates,Profit motivated,"Winn Managed Properties, LLC",Profit motivated,4/6/83 0:00,4/6/83 0:00,6/30/24 0:00,6/30/24 0:00,Ward 8,Yes,ANC 8D,PSA 706,Tract 98.11,Cluster 39,"Congress Heights, Bellevue, Washington Highlands",ZIP 20032,,"http://maps.google.com/maps?z=16&layer=c&cbll=38.82781202,-77.00005977&cbp=11,96.3757418298849,,0,2.09",147359,399994.81,128891.87,38.82781202,-77.00005977,1,,3828,DC390007006,NL000028,2 - Expiring Subsidy,No,No,No,No
30,NL000028,1,108,7/1/04 0:00,6/30/24 0:00,DC390007006,Between 80% & 100% FMR,Yes,800003673/DC390007006,HUD/Multifamily Assistance and Section 8 Contracts,1/29/16 0:00,,Sec 8 substantial rehabilitation,6/30/24 0:00,,US Dept of Housing and Urban Development,4/6/83 0:00,Project-based section 8,800003673,,14,NL000028,Active,Yes,Yes,No,Atlantic Gardens,4216 4th Street SE,Washington,DC,20032,108,108,108,,Washington Rehabilitation Associates,Profit motivated,"Winn Managed Properties, LLC",Profit motivated,4/6/83 0:00,4/6/83 0:00,6/30/24 0:00,6/30/24 0:00,Ward 8,Yes,ANC 8D,PSA 706,Tract 98.11,Cluster 39,"Congress Heights, Bellevue, Washington Highlands",ZIP 20032,,"http://maps.google.com/maps?z=16&layer=c&cbll=38.82781202,-77.00005977&cbp=11,96.3757418298849,,0,2.09",147359,399994.81,128891.87,38.82781202,-77.00005977,1,,3828,DC390007006,NL000028,2 - Expiring Subsidy,No,No,No,No
34,NL000029,3,196,11/1/04 0:00,11/1/29 0:00,,,No,94145,HUD/Insured Multifamily Mortgages,1/31/16 0:00,,Sec 223(a)(7)/221(d)(4) MKT/244 Refi/Mod Income Co-In,11/1/29 0:00,,US Dept of Housing and Urban Development,12/1/04 0:00,HUD-insured mortgage,3426,10/20/15 0:00,15,NL000029,Active,Yes,Yes,No,Atlantic Terrace,4301 3rd Street SE,Washington,DC,20032,196,196,196,,Atlantic Terrace Limited Partnership,Profit motivated,"Winn Managed Properties, LLC",Profit motivated,1/1/89 0:00,11/1/04 0:00,1/1/19 0:00,10/31/24 0:00,Ward 8,No,ANC 8D,PSA 708,Tract 98.10,Cluster 39,"Congress Heights, Bellevue, Washington Highlands",ZIP 20032,,"http://maps.google.com/maps?z=16&layer=c&cbll=38.82984458,-77.00246115&cbp=11,277.847313152735,,0,2.09",295768,399786.3,129117.5,38.82984458,-77.00246115,1,,3426,DC39M000099,NL000029,2 - Expiring Subsidy,No,No,No,No
33,NL000029,2,196,11/1/04 0:00,10/31/24 0:00,DC39M000099,Below 80% FMR,Yes,800025410/DC39M000099,HUD/Multifamily Assistance and Section 8 Contracts,1/29/16 0:00,,Sec 8 substantial rehabilitation,10/31/24 0:00,,US Dept of Housing and Urban Development,11/1/04 0:00,Project-based section 8,800025410,,15,NL000029,Active,Yes,Yes,No,Atlantic Terrace,4301 3rd Street SE,Washington,DC,20032,196,196,196,,Atlantic Terrace Limited Partnership,Profit motivated,"Winn Managed Properties, LLC",Profit motivated,1/1/89 0:00,11/1/04 0:00,1/1/19 0:00,10/31/24 0:00,Ward 8,No,ANC 8D,PSA 708,Tract 98.10,Cluster 39,"Congress Heights, Bellevue, Washington Highlands",ZIP 20032,,"http://maps.google.com/maps?z=16&layer=c&cbll=38.82984458,-77.00246115&cbp=11,277.847313152735,,0,2.09",295768,399786.3,129117.5,38.82984458,-77.00246115,1,,3426,DC39M000099,NL000029,2 - Expiring Subsidy,No,No,No,No
37,NL000031,3,18,12/1/06 0:00,11/30/26 0:00,DC39M000060,Between 80% & 100% FMR,Yes,800003674/DC39M000060,HUD/Multifamily Assistance and Section 8 Contracts,1/29/16 0:00,,Sec 8 loan management set-aside,11/30/26 0:00,,US Dept of Housing and Urban Development,12/1/06 0:00,Project-based section 8,800003674,,16,NL000031,Active,Yes,Yes,No,Azeeze Bates,1521 F Street NE,Washington,DC,20002,91,91,91,11/13/06 0:00,Azeeze Bates Limited Partnership,Limited dividend,Horning Brothers,Profit motivated,12/1/06 0:00,1/1/07 0:00,11/30/26 0:00,1/1/37 0:00,Ward 6,Yes,ANC 6A,PSA 507,Tract 79.01,Cluster 25,"NoMa, Union Station, Stanton Park, Kingman Park",ZIP 20002,,,297798,401477.65,136476.46,38.89613593,-76.98296629,1,,,DC39M000060,NL000031,5 - Other Subsidized Property,No,No,No,No
36,NL000031,2,91,7/1/77 0:00,7/1/17 0:00,,,No,44225,HUD/Insured Multifamily Mortgages,1/31/16 0:00,,Sec 236(j)(1)/Lower Income Families,7/1/17 0:00,,US Dept of Housing and Urban Development,8/1/77 0:00,HUD-insured mortgage,,11/13/06 0:00,16,NL000031,Active,Yes,Yes,No,Azeeze Bates,1521 F Street NE,Washington,DC,20002,91,91,91,11/13/06 0:00,Azeeze Bates Limited Partnership,Limited dividend,Horning Brothers,Profit motivated,12/1/06 0:00,1/1/07 0:00,11/30/26 0:00,1/1/37 0:00,Ward 6,Yes,ANC 6A,PSA 507,Tract 79.01,Cluster 25,"NoMa, Union Station, Stanton Park, Kingman Park",ZIP 20002,,,297798,401477.65,136476.46,38.89613593,-76.98296629,1,,,DC39M000060,NL000031,5 - Other Subsidized Property,No,No,No,No
45,NL000035,1,24,8/2/84 0:00,8/31/06 0:00,,,No,800003703/,HUD/Multifamily Assistance and Section 8 Contracts,5/1/07 0:00,,Sec 8 substantial rehabilitation,8/31/06 0:00,,US Dept of Housing and Urban Development,8/2/84 0:00,Project-based section 8,800003703,,20,NL000035,Inactive,No,No,No,Barry Homes,1619 1st Street NW,Washington,DC,20001,24,N,N,12/21/99 0:00,DC Local Development Corp.,,Kriegsfeld Corporation,Limited dividend,,,,,Ward 5,No,ANC 5E,PSA 501,Tract 46,Cluster 21,"Edgewood, Bloomingdale, Truxton Circle, Eckington",ZIP 20001,http://citizenatlas.dc.gov/mobilevideo/20040831/QV130154.jpg,"http://maps.google.com/maps?z=16&layer=c&cbll=38.91169075,-77.01190124&cbp=11,99.6329772867899,,0,2.09",236758,398967.81,138203.1,38.91169075,-77.01190124,1,,,,NL000035,6 - Lost Rental,No,No,Yes,No
46,NL000036,1,18,5/1/01 0:00,4/30/21 0:00,DC390010018,Between 80% & 100% FMR,Yes,800003678/DC390010018,HUD/Multifamily Assistance and Section 8 Contracts,1/29/16 0:00,,Sec 8 substantial rehabilitation,4/30/21 0:00,,US Dept of Housing and Urban Development,5/1/01 0:00,Project-based section 8,800003678,,21,NL000036,Active,Yes,Yes,No,Beecher Cooperative,2307 41st Street NW,Washington,DC,20007,26,18,18,,Beecher Cooperative,Non-profit,Beecher Cooperative,Non-profit,5/1/01 0:00,5/1/01 0:00,4/30/21 0:00,4/30/21 0:00,Ward 3,Yes,ANC 3B,PSA 204,Tract 3,Cluster 14,"Cathedral Heights, McLean Gardens, Glover Park",ZIP 20007,http://citizenatlas.dc.gov/mobilevideo/20040831/OV092400.jpg,"http://maps.google.com/maps?z=16&layer=c&cbll=38.92137841,-77.08047362&cbp=11,93.9266489582012,,0,2.09",224285,393021.5,139281.52,38.92137841,-77.08047362,1,,,DC390010018,NL000036,5 - Other Subsidized Property,No,No,No,No
50,NL000037,4,275,8/1/12 0:00,8/1/44 0:00,,,Yes,35495,HUD/Insured Multifamily Mortgages,1/31/16 0:00,,Sec 223(a)(7)/221(d)(4) MKT Refi/Moderate Income,8/1/44 0:00,,,,HUD-insured mortgage,6627,,22,NL000037,Active,Yes,Yes,No,Belmont Crossing (Jeffrey Gardens),4201 7th Street SE,Washington,DC,20032,273,273,273,,"KSI Services, Inc. / Seventh Street SE LP",,Kettler Management / Oak Johnson,,1/17/02 0:00,1/1/03 0:00,1/1/18 0:00,8/1/44 0:00,Ward 8,No,ANC 8D,PSA 706,Tract 98.11,Cluster 39,"Congress Heights, Bellevue, Washington Highlands",ZIP 20032,http://citizenatlas.dc.gov/mobilevideo/20041012/OC135059.jpg,"http://maps.google.com/maps?z=16&layer=c&cbll=38.82890029,-76.99665762&cbp=11,286.136210583492,,0,2.09",149585,400290.22,129012.68,38.82890029,-76.99665762,1,,6627,,NL000037,5 - Other Subsidized Property,No,No,No,No
49,NL000037,3,275,6/1/03 0:00,6/1/40 0:00,,,No,35388,HUD/Insured Multifamily Mortgages,1/31/16 0:00,,Sec 221(d)(4) Mkt. Rate Mod Inc/Disp Fams,6/1/40 0:00,,US Dept of Housing and Urban Development,7/1/03 0:00,HUD-insured mortgage,6627,7/30/12 0:00,22,NL000037,Active,Yes,Yes,No,Belmont Crossing (Jeffrey Gardens),4201 7th Street SE,Washington,DC,20032,273,273,273,,"KSI Services, Inc. / Seventh Street SE LP",,Kettler Management / Oak Johnson,,1/17/02 0:00,1/1/03 0:00,1/1/18 0:00,8/1/44 0:00,Ward 8,No,ANC 8D,PSA 706,Tract 98.11,Cluster 39,"Congress Heights, Bellevue, Washington Highlands",ZIP 20032,http://citizenatlas.dc.gov/mobilevideo/20041012/OC135059.jpg,"http://maps.google.com/maps?z=16&layer=c&cbll=38.82890029,-76.99665762&cbp=11,286.136210583492,,0,2.09",149585,400290.22,129012.68,38.82890029,-76.99665762,1,,6627,,NL000037,5 - Other Subsidized Property,No,No,No,No
51,NL000038,1,97,9/1/11 0:00,8/31/16 0:00,DC390005009,Between 80% & 100% FMR,Yes,800003679/DC390005009,HUD/Multifamily Assistance and Section 8 Contracts,1/29/16 0:00,,Sec 8 new construction,8/31/16 0:00,,US Dept of Housing and Urban Development,9/1/06 0:00,Project-based section 8,800003679,,23,NL000038,Active,Yes,Yes,No,Benning Courts,1703 Benning Road NE,Washington,DC,20002,97,97,97,9/29/78 0:00,Gales Place Associates,Profit motivated,Horning Brothers,Profit motivated,9/1/06 0:00,9/1/06 0:00,8/31/16 0:00,8/31/16 0:00,Ward 6,Yes,ANC 6A,PSA 507,Tract 79.01,Cluster 25,"NoMa, Union Station, Stanton Park, Kingman Park",ZIP 20002,,"http://maps.google.com/maps?z=16&layer=c&cbll=38.89912037,-76.97891289&cbp=11,179.970385693924,,0,2.09",297820,401829.2,136807.83,38.89912037,-76.97891289,1,,,DC390005009,NL000038,2 - Expiring Subsidy,No,No,No,No
53,NL000039,2,148,6/1/05 0:00,6/1/30 0:00,,,Yes,35439,HUD/Insured Multifamily Mortgages,1/31/16 0:00,,Sec 223(a)(7)/221(d)(4) MKT Refi/Moderate Income,6/1/30 0:00,,US Dept of Housing and Urban Development,7/1/05 0:00,HUD-insured mortgage,2830,,24,NL000039,Active,Yes,Yes,No,Benning Heights,4806 Alabama Avenue SE,Washington,DC,20019,148,148,148,8/1/83 0:00,Benning Heights Limited Partnership,Profit motivated,"Winn Managed Properties, LLC",Profit motivated,6/1/05 0:00,7/1/05 0:00,6/1/30 0:00,5/23/35 0:00,Ward 7,Yes,ANC 7F,PSA 605,Tract 99.07,Cluster 33,"Capitol View, Marshall Heights, Benning Heights",ZIP 20019,,"http://maps.google.com/maps?z=16&layer=c&cbll=38.88208722,-76.93992495&cbp=11,353.783162399397,,0,2.09",152229,405212.45,134918.52,38.88208722,-76.93992495,1,,2830,DC39H001003,NL000039,5 - Other Subsidized Property,No,No,No,No
52,NL000039,1,148,5/24/15 0:00,5/23/35 0:00,DC39H001003,Between 80% & 100% FMR,Yes,800003680/DC39H001003,HUD/Multifamily Assistance and Section 8 Contracts,1/29/16 0:00,,Sec 8 housing finance agency substantial rehabilitation,5/23/35 0:00,5/31/25 0:00,US Dept of Housing and Urban Development,6/1/05 0:00,Project-based section 8,800003680,,24,NL000039,Active,Yes,Yes,No,Benning Heights,4806 Alabama Avenue SE,Washington,DC,20019,148,148,148,8/1/83 0:00,Benning Heights Limited Partnership,Profit motivated,"Winn Managed Properties, LLC",Profit motivated,6/1/05 0:00,7/1/05 0:00,6/1/30 0:00,5/23/35 0:00,Ward 7,Yes,ANC 7F,PSA 605,Tract 99.07,Cluster 33,"Capitol View, Marshall Heights, Benning Heights",ZIP 20019,,"http://maps.google.com/maps?z=16&layer=c&cbll=38.88208722,-76.93992495&cbp=11,353.783162399397,,0,2.09",152229,405212.45,134918.52,38.88208722,-76.93992495,1,,2830,DC39H001003,NL000039,5 - Other Subsidized Property,No,No,No,No
54,NL000040,1,193,12/1/14 0:00,11/30/15 0:00,DC39E000003,Below 80% FMR,Yes,800003681/DC39E000003,HUD/Multifamily Assistance and Section 8 Contracts,1/29/16 0:00,,Sec 8 property disposition existing,11/30/15 0:00,,US Dept of Housing and Urban Development,9/29/95 0:00,Project-based section 8,800003681,,25,NL000040,Active,Yes,Yes,No,Benning Park Terrace,5113 Fitch Street SE,Washington,DC,20019,281,193,193,9/25/98 0:00,Benning Park Neighborhood Corp,Non-profit,Edgewood Management Corporation,Profit motivated,9/29/95 0:00,9/29/95 0:00,11/30/15 0:00,11/30/15 0:00,Ward 7,Yes,ANC 7E,PSA 604,Tract 77.07,Cluster 33,"Capitol View, Marshall Heights, Benning Heights",ZIP 20019,,,288506,406249.64,134729.16,38.88037463,-76.92797275,1,,,DC39E000003,NL000040,2 - Expiring Subsidy,No,No,No,No
55,NL000041,1,86,3/24/12 0:00,3/23/32 0:00,DC39E000005,Between 80% & 100% FMR,Yes,800025216/DC39E000005,HUD/Multifamily Assistance and Section 8 Contracts,1/29/16 0:00,,Sec 8 property disposition existing,3/23/32 0:00,,US Dept of Housing and Urban Development,9/29/95 0:00,Project-based section 8,800025216,,26,NL000041,Active,Yes,Yes,No,Benning Road Apts,4228 Benning Road NE,Washington,DC,20019,86,86,86,9/13/95 0:00,"Benning Road Cooperative Association,inc.",Limited dividend,NMI Property Management LLC,Profit motivated,9/29/95 0:00,1/1/97 0:00,1/1/27 0:00,3/23/32 0:00,Ward 7,Yes,ANC 7D,PSA 602,Tract 78.03,Cluster 30,"Mayfair, Hillbrook, Mahaning Heights",ZIP 20019,http://citizenatlas.dc.gov/mobilevideo/20040708/D8072352.jpg,"http://maps.google.com/maps?z=16&layer=c&cbll=38.89300136,-76.9415986&cbp=11,31.6659004518072,,0,2.09",24953,405066.46,136129.98,38.89300136,-76.9415986,1,,,DC39E000005,NL000041,5 - Other Subsidized Property,No,No,No,No
63,NL000045,5,126,11/1/13 0:00,11/1/53 0:00,,,Yes,35518,HUD/Insured Multifamily Mortgages,1/31/16 0:00,,Sec 223(a)(7)/221(d)(4) MKT Refi/Moderate Income,11/1/53 0:00,,,,HUD-insured mortgage,5228,,29,NL000045,Active,Yes,Yes,No,Royal Courts Apts (Bowling Green Apts),3719 4th Street SE,Washington,DC,20032,126,126,126,,"Bowling Green Apartments, LP",,,Individual,12/1/04 0:00,1/1/05 0:00,12/1/19 0:00,11/1/53 0:00,Ward 8,No,ANC 8C,PSA 707,Tract 98.03,Cluster 39,"Congress Heights, Bellevue, Washington Highlands",ZIP 20032,,"http://maps.google.com/maps?z=16&layer=c&cbll=38.8368229,-77.00181431&cbp=11,236.024460670222,,0,2.09",147492,399844.79,129887.15,38.83677795,-77.00178771,1,,5228,,NL000045,5 - Other Subsidized Property,No,No,No,No
60,NL000045,2,126,11/1/04 0:00,11/1/44 0:00,,,No,35402,HUD/Insured Multifamily Mortgages,1/31/16 0:00,,Sec 221(d)(4) Mkt. Rate Mod Inc/Disp Fams,11/1/44 0:00,,US Dept of Housing and Urban Development,12/1/04 0:00,HUD-insured mortgage,5228,10/29/13 0:00,29,NL000045,Active,Yes,Yes,No,Royal Courts Apts (Bowling Green Apts),3719 4th Street SE,Washington,DC,20032,126,126,126,,"Bowling Green Apartments, LP",,,Individual,12/1/04 0:00,1/1/05 0:00,12/1/19 0:00,11/1/53 0:00,Ward 8,No,ANC 8C,PSA 707,Tract 98.03,Cluster 39,"Congress Heights, Bellevue, Washington Highlands",ZIP 20032,,"http://maps.google.com/maps?z=16&layer=c&cbll=38.8368229,-77.00181431&cbp=11,236.024460670222,,0,2.09",147492,399844.79,129887.15,38.83677795,-77.00178771,1,,5228,,NL000045,5 - Other Subsidized Property,No,No,No,No
66,NL000046,3,333,11/1/15 0:00,10/31/16 0:00,DC39M000051,Between 80% & 100% FMR,Yes,800003675/DC39M000051,HUD/Multifamily Assistance and Section 8 Contracts,1/29/16 0:00,,Sec 8 loan management set-aside,10/31/16 0:00,10/31/15 0:00,US Dept of Housing and Urban Development,10/1/10 0:00,Project-based section 8,800003675,,30,NL000046,Active,Yes,Yes,No,Brookland Manor (Brentwood Village Apts),1301 Saratoga Avenue NE; 1303 Saratoga Avenue NE; 1305 Saratoga Avenue NE; others,Washington,DC,20018,535,535,535,11/23/71 0:00,Brentwood Associates,Limited dividend,Edgewood Management Corporation,Profit motivated,9/1/77 0:00,10/1/10 0:00,9/30/16 0:00,8/1/17 0:00,Ward 5,Yes,ANC 5C,PSA 505,Tract 91.02,Cluster 22,"Brookland, Brentwood, Langdon",ZIP 20018,http://citizenatlas.dc.gov/mobilevideo/20040815/QF093315.jpg,,149898,401205.0656,139411.1227,38.92257279,-76.98610337,82,,10624,DC39M000051,NL000046,1 - At-Risk or Flagged for Follow-up,Yes,No,No,No
65,NL000046,2,40,10/1/15 0:00,9/30/16 0:00,DC39L000069,Between 80% & 100% FMR,Yes,800003675/DC39L000069,HUD/Multifamily Assistance and Section 8 Contracts,1/29/16 0:00,,Sec 8 loan management set-aside,9/30/16 0:00,9/30/15 0:00,US Dept of Housing and Urban Development,10/1/10 0:00,Project-based section 8,800003675,,30,NL000046,Active,Yes,Yes,No,Brookland Manor (Brentwood Village Apts),1301 Saratoga Avenue NE; 1303 Saratoga Avenue NE; 1305 Saratoga Avenue NE; others,Washington,DC,20018,535,535,535,11/23/71 0:00,Brentwood Associates,Limited dividend,Edgewood Management Corporation,Profit motivated,9/1/77 0:00,10/1/10 0:00,9/30/16 0:00,8/1/17 0:00,Ward 5,Yes,ANC 5C,PSA 505,Tract 91.02,Cluster 22,"Brookland, Brentwood, Langdon",ZIP 20018,http://citizenatlas.dc.gov/mobilevideo/20040815/QF093315.jpg,,149898,401205.0656,139411.1227,38.92257279,-76.98610337,82,,10624,DC39M000051,NL000046,1 - At-Risk or Flagged for Follow-up,Yes,No,No,No
64,NL000046,1,535,8/1/77 0:00,8/1/17 0:00,,,Yes,44142,HUD/Insured Multifamily Mortgages,1/31/16 0:00,,Sec 236(j)(1)/Lower Income Families,8/1/17 0:00,,US Dept of Housing and Urban Development,9/1/77 0:00,HUD-insured mortgage,10624,,30,NL000046,Active,Yes,Yes,No,Brookland Manor (Brentwood Village Apts),1301 Saratoga Avenue NE; 1303 Saratoga Avenue NE; 1305 Saratoga Avenue NE; others,Washington,DC,20018,535,535,535,11/23/71 0:00,Brentwood Associates,Limited dividend,Edgewood Management Corporation,Profit motivated,9/1/77 0:00,10/1/10 0:00,9/30/16 0:00,8/1/17 0:00,Ward 5,Yes,ANC 5C,PSA 505,Tract 91.02,Cluster 22,"Brookland, Brentwood, Langdon",ZIP 20018,http://citizenatlas.dc.gov/mobilevideo/20040815/QF093315.jpg,,149898,401205.0656,139411.1227,38.92257279,-76.98610337,82,,10624,DC39M000051,NL000046,1 - At-Risk or Flagged for Follow-up,Yes,No,No,No
68,NL000047,2,171,7/1/12 0:00,11/1/51 0:00,,,Yes,35475,HUD/Insured Multifamily Mortgages,1/31/16 0:00,,Sec 221(d)(4) Mkt. Rate Mod Inc/Disp Fams,11/1/51 0:00,,US Dept of Housing and Urban Development,7/1/11 0:00,HUD-insured mortgage,22676,,31,NL000047,Active,Yes,Yes,No,Paul Lawrence Dunbar (Campbell Heights),2001 15th Street NW,Washington,DC,20009,171,171,171,7/2/10 0:00,"Paul Laurence Dunbar Apartments, LP",Profit motivated,"Grep Atlantic, LLC (Greystar)",Profit motivated,9/1/08 0:00,7/1/11 0:00,8/31/30 0:00,11/1/51 0:00,Ward 1,Yes,ANC 1B,PSA 301,Tract 43,Cluster 3,"Howard University, Le Droit Park, Cardozo/Shaw",ZIP 20009,http://citizenatlas.dc.gov/mobilevideo/20040823/QN073538.jpg,"http://maps.google.com/maps?z=16&layer=c&cbll=38.9174725,-77.03417182&cbp=11,86.6673636299066,,0,2.09",239975,397036.53,138845.41,38.9174725,-77.03417182,1,,22676,DC398023001,NL000047,5 - Other Subsidized Property,No,No,No,No
67,NL000047,1,170,9/1/08 0:00,8/31/30 0:00,DC398023001,Between 141% & 160% FMR,Yes,800003683/DC398023001,HUD/Multifamily Assistance and Section 8 Contracts,1/29/16 0:00,,Sec 8 new construction,8/31/30 0:00,,US Dept of Housing and Urban Development,9/1/08 0:00,Project-based section 8,800003683,,31,NL000047,Active,Yes,Yes,No,Paul Lawrence Dunbar (Campbell Heights),2001 15th Street NW,Washington,DC,20009,171,171,171,7/2/10 0:00,"Paul Laurence Dunbar Apartments, LP",Profit motivated,"Grep Atlantic, LLC (Greystar)",Profit motivated,9/1/08 0:00,7/1/11 0:00,8/31/30 0:00,11/1/51 0:00,Ward 1,Yes,ANC 1B,PSA 301,Tract 43,Cluster 3,"Howard University, Le Droit Park, Cardozo/Shaw",ZIP 20009,http://citizenatlas.dc.gov/mobilevideo/20040823/QN073538.jpg,"http://maps.google.com/maps?z=16&layer=c&cbll=38.9174725,-77.03417182&cbp=11,86.6673636299066,,0,2.09",239975,397036.53,138845.41,38.9174725,-77.03417182,1,,22676,DC398023001,NL000047,5 - Other Subsidized Property,No,No,No,No
70,NL000048,2,40,5/1/15 0:00,4/30/16 0:00,DC39Q881003,Below 80% FMR,Yes,800003684/DC39Q881003,HUD/Multifamily Assistance and Section 8 Contracts,1/29/16 0:00,,Sec 811 project rental assistance contract,4/30/16 0:00,,US Dept of Housing and Urban Development,5/1/94 0:00,Project rental assistance contract,800003684,,32,NL000048,Active,Yes,Yes,No,Capital Commons,4202 13th Street NW,Washington,DC,20011,40,40,40,9/22/92 0:00,"Nbc-Usa Housing, Inc., Twenty-Four",Non-profit,"Taliafaro, Inc.",Profit motivated,5/1/94 0:00,5/1/94 0:00,4/30/16 0:00,4/30/16 0:00,Ward 4,No,ANC 4C,PSA 404,Tract 25.01,Cluster 18,"Brightwood Park, Crestwood, Petworth",ZIP 20011,http://citizenatlas.dc.gov/mobilevideo/20040728/MS105457.jpg,,259628,397370.97,141622.55,38.9424909,-77.03032603,1,,,DC39Q881003,NL000048,2 - Expiring Subsidy,No,No,No,No
69,NL000048,1,,,,,,Yes,,NLIHC Value-Added,10/1/08 0:00,,Sec 202/811 capital advance,,,Other,,Section 202/811,,,32,NL000048,Active,Yes,Yes,No,Capital Commons,4202 13th Street NW,Washington,DC,20011,40,40,40,9/22/92 0:00,"Nbc-Usa Housing, Inc., Twenty-Four",Non-profit,"Taliafaro, Inc.",Profit motivated,5/1/94 0:00,5/1/94 0:00,4/30/16 0:00,4/30/16 0:00,Ward 4,No,ANC 4C,PSA 404,Tract 25.01,Cluster 18,"Brightwood Park, Crestwood, Petworth",ZIP 20011,http://citizenatlas.dc.gov/mobilevideo/20040728/MS105457.jpg,,259628,397370.97,141622.55,38.9424909,-77.03032603,1,,,DC39Q881003,NL000048,2 - Expiring Subsidy,No,No,No,No
77,NL000052,2,204,3/1/12 0:00,2/29/32 0:00,DC398023017,Between 121% & 130% FMR,Yes,800003685/DC398023017,HUD/Multifamily Assistance and Section 8 Contracts,1/29/16 0:00,,Sec 8 new construction,2/29/32 0:00,,US Dept of Housing and Urban Development,3/1/09 0:00,Project-based section 8,800003685,,34,NL000052,Active,Yes,Yes,No,Capitol Hill Apartments,900 G Street NE,Washington,DC,20002,204,204,204,12/22/11 0:00,New Capitol Hill Towers Associates LLC,Profit motivated,Abel Bishop Clarke Realty,Profit motivated,3/1/09 0:00,3/1/09 0:00,2/29/32 0:00,2/29/32 0:00,Ward 6,Yes,ANC 6A,PSA 104,Tract 84.02,Cluster 25,"NoMa, Union Station, Stanton Park, Kingman Park",ZIP 20002,http://citizenatlas.dc.gov/mobilevideo/20040825/MP094703.jpg,"http://maps.google.com/maps?z=16&layer=c&cbll=38.89924616,-76.99381277&cbp=11,352.836692942684,,0,2.09",289042,400536.71,136821.6,38.89924616,-76.99381277,1,,1831,DC398023017,NL000052,5 - Other Subsidized Property,No,No,No,No
76,NL000052,1,204,8/1/06 0:00,8/1/36 0:00,,,No,11185,HUD/Insured Multifamily Mortgages,1/31/16 0:00,,Sec 207/223(f) Pur/Refin Hsg.,8/1/36 0:00,,US Dept of Housing and Urban Development,9/1/06 0:00,HUD-insured mortgage,1831,12/22/11 0:00,34,NL000052,Active,Yes,Yes,No,Capitol Hill Apartments,900 G Street NE,Washington,DC,20002,204,204,204,12/22/11 0:00,New Capitol Hill Towers Associates LLC,Profit motivated,Abel Bishop Clarke Realty,Profit motivated,3/1/09 0:00,3/1/09 0:00,2/29/32 0:00,2/29/32 0:00,Ward 6,Yes,ANC 6A,PSA 104,Tract 84.02,Cluster 25,"NoMa, Union Station, Stanton Park, Kingman Park",ZIP 20002,http://citizenatlas.dc.gov/mobilevideo/20040825/MP094703.jpg,"http://maps.google.com/maps?z=16&layer=c&cbll=38.89924616,-76.99381277&cbp=11,352.836692942684,,0,2.09",289042,400536.71,136821.6,38.89924616,-76.99381277,1,,1831,DC398023017,NL000052,5 - Other Subsidized Property,No,No,No,No
80,NL000054,3,648,11/1/09 0:00,11/1/44 0:00,,,No,11197,HUD/Insured Multifamily Mortgages,1/31/16 0:00,,Sec 207/223(f) Pur/Refin Hsg.,11/1/44 0:00,,US Dept of Housing and Urban Development,12/1/09 0:00,HUD-insured mortgage,18623,3/31/14 0:00,35,NL000054,Active,Yes,Yes,No,Capitol Park Plaza & Twins,103 G Street SW,Washington,DC,20024,648,422,648,,Wilson SEcurities,,,Individual,8/1/02 0:00,8/1/03 0:00,8/1/17 0:00,8/1/33 0:00,Ward 6,No,ANC 6D,PSA 105,Tract 105,Cluster 9,"Southwest Employment Area, Southwest/Waterfront, Fort McNair, Buzzard Point",ZIP 20024,,"http://maps.google.com/maps?z=16&layer=c&cbll=38.88163859,-77.01345178&cbp=11,353.05726424938,,0,2.09",297573,398832.84,134867.09,38.88163859,-77.01345178,1,,18623,,NL000054,5 - Other Subsidized Property,No,No,No,No
81,NL000055,1,93,4/1/75 0:00,4/1/15 0:00,,,No,44143,HUD/Insured Multifamily Mortgages,1/31/16 0:00,,Sec 236(j)(1)/Lower Income Families,4/1/15 0:00,,US Dept of Housing and Urban Development,5/1/75 0:00,HUD-insured mortgage,10420,10/27/00 0:00,36,NL000055,Inactive,No,Yes,No,Capitol Towers Elderly,208 Massachusetts Avenue NE,Washington,DC,20002,93,N,N,,,Individual,,Individual,,,,,Ward 6,No,ANC 6C,PSA 104,Tract 83.01,Cluster 25,"NoMa, Union Station, Stanton Park, Kingman Park",ZIP 20002,http://citizenatlas.dc.gov/mobilevideo/20040829/MT065957.jpg,"http://maps.google.com/maps?z=16&layer=c&cbll=38.8952445,-77.00291482&cbp=11,21.8207456995531,,0,2.09",286606,399744.28,136386.65,38.8953281,-77.0029478,1,,10420,,NL000055,6 - Lost Rental,No,No,Yes,No
83,NL000056,2,299,10/1/76 0:00,9/1/16 0:00,,,No,,HUD - Active Section 236 Projects,4/12/06 0:00,,Sec 236(j)(1)/Lower Income Families,9/1/16 0:00,,US Dept of Housing and Urban Development,10/1/76 0:00,HUD-insured mortgage,,,37,NL000056,Inactive,No,Yes,No,Capitol View Plaza Phase II,5901 East Capitol Street SE,Washington,DC,20019,299,299,299,,,Individual,,Individual,10/1/76 0:00,10/1/76 0:00,9/1/16 0:00,9/1/16 0:00,Ward 7,No,ANC 7E,PSA 604,Tract 99.03,Cluster 33,"Capitol View, Marshall Heights, Benning Heights",ZIP 20019,,"http://maps.google.com/maps?z=16&layer=c&cbll=38.8894198,-76.9158902&cbp=11,179.541259283022,,0,2.09",302595,407297.09,135734.14,38.8894198,-76.9158902,1,,,,NL000056,6 - Lost Rental,No,No,Yes,No
84,NL000057,1,40,7/8/87 0:00,7/7/17 0:00,DC39H001001,Between 80% & 100% FMR,Yes,800003689/DC39H001001,HUD/Multifamily Assistance and Section 8 Contracts,1/29/16 0:00,,Sec 8 housing finance agency new construction,7/7/17 0:00,,US Dept of Housing and Urban Development,7/8/87 0:00,Project-based section 8,800003689,,38,NL000057,Active,Yes,Yes,No,Carmel Plaza North,200 K Street NW,Washington,DC,20001,133,40,40,12/12/85 0:00,"Carmel Plaza North Associates, L.LP",Limited dividend,W. H. H. Trice & Co,Profit motivated,7/8/87 0:00,7/8/87 0:00,7/7/17 0:00,7/7/17 0:00,Ward 6,No,ANC 6E,PSA 103,Tract 47.02,Cluster 8,"Downtown, Chinatown, Penn Quarters, Mount Vernon Square, North Capitol Street",ZIP 20001,http://citizenatlas.dc.gov/mobilevideo/20041003/Q3074337.jpg,"http://maps.google.com/maps?z=16&layer=c&cbll=38.9022293,-77.01419361&cbp=11,100.937965956259,,0,2.09",238362,398768.83,137152.83,38.9022293,-77.01419361,1,,,DC39H001001,NL000057,5 - Other Subsidized Property,No,No,No,No
87,NL000060,2,95,1/1/05 0:00,1/1/35 0:00,,,Yes,35436,HUD/Insured Multifamily Mortgages,1/31/16 0:00,,Sec 223(a)(7)/221(d)(4) MKT Refi/Moderate Income,1/1/35 0:00,,US Dept of Housing and Urban Development,2/1/05 0:00,HUD-insured mortgage,3228,,40,NL000060,Active,Yes,Yes,No,Carver Hall Apts,2338 Pitts Place SE,Washington,DC,20020,94,94,94,,Carver Hall Limited Partnership,Profit motivated,Horning Brothers,Profit motivated,1/1/05 0:00,2/1/05 0:00,12/31/25 0:00,1/1/35 0:00,Ward 8,Yes,ANC 8A,PSA 701,Tract 75.04,Cluster 28,Historic Anacostia,ZIP 20020,http://citizenatlas.dc.gov/mobilevideo/20041010/MA131805.jpg,"http://maps.google.com/maps?z=16&layer=c&cbll=38.85984538,-76.98519449&cbp=11,123.844453141279,,0,2.09",150375,401285.01,132447.9,38.85984538,-76.98519449,1,,3228,DC390007010,NL000060,5 - Other Subsidized Property,No,No,No,No
86,NL000060,1,95,1/1/05 0:00,12/31/25 0:00,DC390007010,Between 80% & 100% FMR,Yes,800003690/DC390007010,HUD/Multifamily Assistance and Section 8 Contracts,1/29/16 0:00,,Sec 8 substantial rehabilitation,12/31/25 0:00,,US Dept of Housing and Urban Development,1/1/05 0:00,Project-based section 8,800003690,,40,NL000060,Active,Yes,Yes,No,Carver Hall Apts,2338 Pitts Place SE,Washington,DC,20020,94,94,94,,Carver Hall Limited Partnership,Profit motivated,Horning Brothers,Profit motivated,1/1/05 0:00,2/1/05 0:00,12/31/25 0:00,1/1/35 0:00,Ward 8,Yes,ANC 8A,PSA 701,Tract 75.04,Cluster 28,Historic Anacostia,ZIP 20020,http://citizenatlas.dc.gov/mobilevideo/20041010/MA131805.jpg,"http://maps.google.com/maps?z=16&layer=c&cbll=38.85984538,-76.98519449&cbp=11,123.844453141279,,0,2.09",150375,401285.01,132447.9,38.85984538,-76.98519449,1,,3228,DC390007010,NL000060,5 - Other Subsidized Property,No,No,No,No
91,NL000061,4,312,12/1/03 0:00,8/1/33 0:00,,,Yes,97082,HUD/Insured Multifamily Mortgages,1/31/16 0:00,,Sec 542(b) QPE Risk Sharing-Existing,8/1/33 0:00,,US Dept of Housing and Urban Development,1/1/04 0:00,HUD-insured mortgage,4231,,41,NL000061,Active,Yes,Yes,No,Carver Terrace Apts,2026 Maryland Avenue NE,Washington,DC,20002,312,312,312,,Telesis Corp.,,,Individual,1/1/01 0:00,1/1/04 0:00,1/1/16 0:00,1/1/41 0:00,Ward 5,No,ANC 5D,PSA 507,Tract 89.03,Cluster 23,"Ivy City, Arboretum, Trinidad, Carver Langston",ZIP 20002,http://citizenatlas.dc.gov/mobilevideo/20040803/D3100239.jpg,"http://maps.google.com/maps?z=16&layer=c&cbll=38.90407589,-76.97447616&cbp=11,258.583991859436,,0,2.09",52408,402213.91,137358.03,38.90407589,-76.97447616,1,,4231,,NL000061,5 - Other Subsidized Property,No,No,No,No
93,NL000064,2,40,4/1/97 0:00,3/31/17 0:00,DC39S931002,Below 80% FMR,Yes,800000023/DC39S931002,HUD/Multifamily Assistance and Section 8 Contracts,1/29/16 0:00,,Sec 202 project rental assistance contract,3/31/17 0:00,,US Dept of Housing and Urban Development,4/1/97 0:00,Project rental assistance contract,800000023,,43,NL000064,Active,Yes,Yes,No,Casa Iris,2201 12th Street NW,Washington,DC,20009,40,40,40,3/24/94 0:00,"NHCOA Housing of D.C., Inc.",Non-profit,"NHCOA Housing of D.C., Inc.",Non-profit,4/1/97 0:00,4/1/97 0:00,3/31/17 0:00,3/31/17 0:00,Ward 1,No,ANC 1B,PSA 305,Tract 44,Cluster 3,"Howard University, Le Droit Park, Cardozo/Shaw",ZIP 20009,http://citizenatlas.dc.gov/mobilevideo/20040804/Q4082042.jpg,"http://maps.google.com/maps?z=16&layer=c&cbll=38.91953304,-77.02784129&cbp=11,88.1903586585193,,0,2.09",238964,397585.6,139073.96,38.91953304,-77.02784129,1,,,DC39S931002,NL000064,5 - Other Subsidized Property,No,No,No,No
92,NL000064,1,,,,,,Yes,,NLIHC Value-Added,10/1/08 0:00,,Sec 202/811 capital advance,,,Other,,Section 202/811,,,43,NL000064,Active,Yes,Yes,No,Casa Iris,2201 12th Street NW,Washington,DC,20009,40,40,40,3/24/94 0:00,"NHCOA Housing of D.C., Inc.",Non-profit,"NHCOA Housing of D.C., Inc.",Non-profit,4/1/97 0:00,4/1/97 0:00,3/31/17 0:00,3/31/17 0:00,Ward 1,No,ANC 1B,PSA 305,Tract 44,Cluster 3,"Howard University, Le Droit Park, Cardozo/Shaw",ZIP 20009,http://citizenatlas.dc.gov/mobilevideo/20040804/Q4082042.jpg,"http://maps.google.com/maps?z=16&layer=c&cbll=38.91953304,-77.02784129&cbp=11,88.1903586585193,,0,2.09",238964,397585.6,139073.96,38.91953304,-77.02784129,1,,,DC39S931002,NL000064,5 - Other Subsidized Property,No,No,No,No
96,NL000065,3,230,8/1/14 0:00,7/31/34 0:00,DC39A001003,Between 141% & 160% FMR,Yes,800003691/DC39A001003,HUD/Multifamily Assistance and Section 8 Contracts,1/29/16 0:00,,Sec 8 substantial rehabilitation,7/31/34 0:00,,US Dept of Housing and Urban Development,8/1/05 0:00,Project-based section 8,800003691,,44,NL000065,Active,Yes,Yes,No,Hubbard Place (Cavalier Apts),3500 14th Street NW,Washington,DC,20010,239,233,239,8/2/07 0:00,Cavalier Apartments LP,Profit motivated,"Eagle Point Management, LLC",Profit motivated,8/1/05 0:00,7/27/07 0:00,7/27/27 0:00,1/1/37 0:00,Ward 1,Yes,ANC 1A,PSA 409,Tract 28.01,Cluster 2,"Columbia Heights, Mt. Pleasant, Pleasant Plains, Park View",ZIP 20010,http://citizenatlas.dc.gov/mobilevideo/20040815/DF100904.jpg,"http://maps.google.com/maps?z=16&layer=c&cbll=38.93461778,-77.03317591&cbp=11,278.221657242962,,0,2.09",234780,397123.59,140748.65,38.93461778,-77.03317591,1,,4229,DC39A001003,NL000065,5 - Other Subsidized Property,No,No,No,No
95,NL000065,2,230,3/1/04 0:00,11/1/24 0:00,,,No,35427,HUD/Insured Multifamily Mortgages,1/31/16 0:00,,Sec 223(a)(7)/221(d)(4) MKT Refi/Moderate Income,11/1/24 0:00,,US Dept of Housing and Urban Development,4/1/04 0:00,HUD-insured mortgage,4229,4/24/09 0:00,44,NL000065,Active,Yes,Yes,No,Hubbard Place (Cavalier Apts),3500 14th Street NW,Washington,DC,20010,239,233,239,8/2/07 0:00,Cavalier Apartments LP,Profit motivated,"Eagle Point Management, LLC",Profit motivated,8/1/05 0:00,7/27/07 0:00,7/27/27 0:00,1/1/37 0:00,Ward 1,Yes,ANC 1A,PSA 409,Tract 28.01,Cluster 2,"Columbia Heights, Mt. Pleasant, Pleasant Plains, Park View",ZIP 20010,http://citizenatlas.dc.gov/mobilevideo/20040815/DF100904.jpg,"http://maps.google.com/maps?z=16&layer=c&cbll=38.93461778,-77.03317591&cbp=11,278.221657242962,,0,2.09",234780,397123.59,140748.65,38.93461778,-77.03317591,1,,4229,DC39A001003,NL000065,5 - Other Subsidized Property,No,No,No,No
103,NL000066,5,15,6/1/04 0:00,5/1/39 0:00,,,Yes,98027,HUD/Insured Multifamily Mortgages,1/31/16 0:00,,Sec 542(c) HFA Risk Sharing-Recent Comp,5/1/39 0:00,,US Dept of Housing and Urban Development,7/1/04 0:00,HUD-insured mortgage,6431,,45,NL000066,Active,Yes,Yes,No,Chapin Street Apts,1474 Chapin Street NW,Washington,DC,20009,15,15,15,,Development Corporation of Columbia Heights / James Speight,,,Individual,11/30/03 0:00,7/1/04 0:00,11/30/18 0:00,5/1/39 0:00,Ward 1,No,ANC 1B,PSA 304,Tract 37,Cluster 2,"Columbia Heights, Mt. Pleasant, Pleasant Plains, Park View",ZIP 20009,http://citizenatlas.dc.gov/mobilevideo/20041003/M3082824.jpg,"http://maps.google.com/maps?z=16&layer=c&cbll=38.9212151,-77.0344799&cbp=11,182.605863743029,,0,2.09",234160,397009.97,139260.88,38.9212151,-77.0344799,1,,6431,,NL000066,5 - Other Subsidized Property,No,No,No,No
105,NL000068,2,300,1/1/01 0:00,1/1/36 0:00,,,No,11175,HUD/Insured Multifamily Mortgages,1/31/16 0:00,,Sec 207/223(f) Pur/Refin Hsg.,1/1/36 0:00,,,,HUD-insured mortgage,7230,7/26/11 0:00,46,NL000068,Inactive,Yes,Yes,No,Chastleton Apts,1701 16th Street NW,Washington,DC,20009,300,300,300,,,Individual,,Individual,9/1/11 0:00,9/1/11 0:00,8/1/46 0:00,8/1/46 0:00,Ward 2,No,ANC 2B,PSA 301,Tract 52.01,Cluster 6,"Dupont Circle, Connecticut Avenue/K Street",ZIP 20009,http://citizenatlas.dc.gov/mobilevideo/20040801/Q1081802.jpg,"http://maps.google.com/maps?z=16&layer=c&cbll=38.91304395,-77.03616306&cbp=11,86.8302386213582,,0,2.09",242225,396863.65,138353.87,38.91304395,-77.03616306,1,,7230,,NL000068,6 - Lost Rental,No,No,Yes,No
104,NL000068,1,300,8/1/11 0:00,8/1/46 0:00,,,Yes,11211,HUD/Insured Multifamily Mortgages,1/31/16 0:00,,Sec 223(a)(7)/207/223(f) Refinanced Insurance,8/1/46 0:00,,US Dept of Housing and Urban Development,9/1/11 0:00,HUD-insured mortgage,7230,,46,NL000068,Inactive,Yes,Yes,No,Chastleton Apts,1701 16th Street NW,Washington,DC,20009,300,300,300,,,Individual,,Individual,9/1/11 0:00,9/1/11 0:00,8/1/46 0:00,8/1/46 0:00,Ward 2,No,ANC 2B,PSA 301,Tract 52.01,Cluster 6,"Dupont Circle, Connecticut Avenue/K Street",ZIP 20009,http://citizenatlas.dc.gov/mobilevideo/20040801/Q1081802.jpg,"http://maps.google.com/maps?z=16&layer=c&cbll=38.91304395,-77.03616306&cbp=11,86.8302386213582,,0,2.09",242225,396863.65,138353.87,38.91304395,-77.03616306,1,,7230,,NL000068,6 - Lost Rental,No,No,Yes,No
107,NL000069,2,6,4/21/11 0:00,4/20/16 0:00,DC39T802001,Between 80% & 100% FMR,Yes,800003762/DC39T802001,HUD/Multifamily Assistance and Section 8 Contracts,1/29/16 0:00,,Sec 202 new construction,4/20/16 0:00,,US Dept of Housing and Urban Development,4/21/03 0:00,Section 202/811,800003762,,47,NL000069,Active,Yes,Yes,No,CHHI House (Otis House),1203 1/2 Otis Street NE,Washington,DC,20017,6,6,6,11/1/81 0:00,Community Housing For The Hearing Impaired,Non-profit,"NAt'l Health Care Foundation For The Deaf,inc",Profit motivated,8/1/82 0:00,4/21/03 0:00,4/20/16 0:00,7/1/22 0:00,Ward 5,Yes,ANC 5B,PSA 504,Tract 93.01,Cluster 22,"Brookland, Brentwood, Langdon",ZIP 20017,,"http://maps.google.com/maps?z=16&layer=c&cbll=38.93417241,-76.99057903&cbp=11,181.340751936553,,0,2.09",301975,400816.82,140698.73,38.93417241,-76.99057903,1,,,DC39T802001,NL000069,2 - Expiring Subsidy,No,No,No,No
106,NL000069,1,6,8/1/82 0:00,7/1/22 0:00,,,Yes,,HUD - Active 202/811 Loans,10/8/10 0:00,,Sec 202/8 direct loan/elderly-handicapped,7/1/22 0:00,,US Dept of Housing and Urban Development,8/1/82 0:00,Section 202/811,,,47,NL000069,Active,Yes,Yes,No,CHHI House (Otis House),1203 1/2 Otis Street NE,Washington,DC,20017,6,6,6,11/1/81 0:00,Community Housing For The Hearing Impaired,Non-profit,"NAt'l Health Care Foundation For The Deaf,inc",Profit motivated,8/1/82 0:00,4/21/03 0:00,4/20/16 0:00,7/1/22 0:00,Ward 5,Yes,ANC 5B,PSA 504,Tract 93.01,Cluster 22,"Brookland, Brentwood, Langdon",ZIP 20017,,"http://maps.google.com/maps?z=16&layer=c&cbll=38.93417241,-76.99057903&cbp=11,181.340751936553,,0,2.09",301975,400816.82,140698.73,38.93417241,-76.99057903,1,,,DC39T802001,NL000069,2 - Expiring Subsidy,No,No,No,No
110,NL000070,3,20,7/1/06 0:00,7/1/41 0:00,,,Yes,11189,HUD/Insured Multifamily Mortgages,1/31/16 0:00,,Sec 207/223(f) Pur/Refin Hsg.,7/1/41 0:00,,US Dept of Housing and Urban Development,8/1/06 0:00,HUD-insured mortgage,1823,,48,NL000070,Active,Yes,Yes,No,Christopher Price House (Belmont Apts),1301 Belmont Street NW,Washington,DC,20009,20,20,20,6/28/06 0:00,"Belmont Independent Living, Inc.",Non-profit,Weil Enterprises,Profit motivated,11/2/84 0:00,8/1/06 0:00,2/1/20 0:00,7/1/41 0:00,Ward 1,Yes,ANC 1B,PSA 304,Tract 36,Cluster 2,"Columbia Heights, Mt. Pleasant, Pleasant Plains, Park View",ZIP 20009,http://citizenatlas.dc.gov/mobilevideo/20040831/DV071908.jpg,"http://maps.google.com/maps?z=16&layer=c&cbll=38.92132342,-77.03011626&cbp=11,0.32261572315009,,0,2.09",232077,397388.38,139272.77,38.92132342,-77.03011626,1,,1823,DC39T781003,NL000070,5 - Other Subsidized Property,No,No,No,No
109,NL000070,2,20,2/1/87 0:00,1/1/27 0:00,,,Yes,,HUD - Active 202/811 Loans,10/1/09 0:00,,Sec 202/8 direct loan/elderly-handicapped,1/1/27 0:00,,US Dept of Housing and Urban Development,2/1/87 0:00,Section 202/811,,,48,NL000070,Active,Yes,Yes,No,Christopher Price House (Belmont Apts),1301 Belmont Street NW,Washington,DC,20009,20,20,20,6/28/06 0:00,"Belmont Independent Living, Inc.",Non-profit,Weil Enterprises,Profit motivated,11/2/84 0:00,8/1/06 0:00,2/1/20 0:00,7/1/41 0:00,Ward 1,Yes,ANC 1B,PSA 304,Tract 36,Cluster 2,"Columbia Heights, Mt. Pleasant, Pleasant Plains, Park View",ZIP 20009,http://citizenatlas.dc.gov/mobilevideo/20040831/DV071908.jpg,"http://maps.google.com/maps?z=16&layer=c&cbll=38.92132342,-77.03011626&cbp=11,0.32261572315009,,0,2.09",232077,397388.38,139272.77,38.92132342,-77.03011626,1,,1823,DC39T781003,NL000070,5 - Other Subsidized Property,No,No,No,No
108,NL000070,1,20,2/2/15 0:00,2/1/20 0:00,DC39T781003,Over 160% FMR,Yes,800003807/DC39T781003,HUD/Multifamily Assistance and Section 8 Contracts,1/29/16 0:00,,Sec 202 substantial rehabilitation,2/1/20 0:00,,US Dept of Housing and Urban Development,11/2/84 0:00,Section 202/811,800003807,,48,NL000070,Active,Yes,Yes,No,Christopher Price House (Belmont Apts),1301 Belmont Street NW,Washington,DC,20009,20,20,20,6/28/06 0:00,"Belmont Independent Living, Inc.",Non-profit,Weil Enterprises,Profit motivated,11/2/84 0:00,8/1/06 0:00,2/1/20 0:00,7/1/41 0:00,Ward 1,Yes,ANC 1B,PSA 304,Tract 36,Cluster 2,"Columbia Heights, Mt. Pleasant, Pleasant Plains, Park View",ZIP 20009,http://citizenatlas.dc.gov/mobilevideo/20040831/DV071908.jpg,"http://maps.google.com/maps?z=16&layer=c&cbll=38.92132342,-77.03011626&cbp=11,0.32261572315009,,0,2.09",232077,397388.38,139272.77,38.92132342,-77.03011626,1,,1823,DC39T781003,NL000070,5 - Other Subsidized Property,No,No,No,No
113,NL000074,2,57,10/1/15 0:00,9/30/16 0:00,DC39S901001,Below 80% FMR,Yes,800003696/DC39S901001,HUD/Multifamily Assistance and Section 8 Contracts,1/29/16 0:00,,Sec 202 project rental assistance contract,9/30/16 0:00,9/30/15 0:00,US Dept of Housing and Urban Development,10/1/95 0:00,Project rental assistance contract,800003696,,50,NL000074,Active,Yes,Yes,No,Colony House,4921 Georgia Avenue NW,Washington,DC,20011,58,57,57,9/14/98 0:00,Colony House Nonprofit Corp.,Non-profit,NMI Property Management LLC,Profit motivated,10/1/95 0:00,10/1/95 0:00,9/30/16 0:00,9/30/16 0:00,Ward 4,No,ANC 4D,PSA 407,Tract 22.01,Cluster 18,"Brightwood Park, Crestwood, Petworth",ZIP 20011,,"http://maps.google.com/maps?z=16&layer=c&cbll=38.95053304,-77.02702024&cbp=11,99.3329062330417,,0,2.09",303273,397657.82,142515.21,38.95053304,-77.02702024,1,,,DC39S901001,NL000074,2 - Expiring Subsidy,No,No,No,No
112,NL000074,1,,,,,,Yes,,NLIHC Value-Added,10/1/08 0:00,,Sec 202/811 capital advance,,,Other,,Section 202/811,,,50,NL000074,Active,Yes,Yes,No,Colony House,4921 Georgia Avenue NW,Washington,DC,20011,58,57,57,9/14/98 0:00,Colony House Nonprofit Corp.,Non-profit,NMI Property Management LLC,Profit motivated,10/1/95 0:00,10/1/95 0:00,9/30/16 0:00,9/30/16 0:00,Ward 4,No,ANC 4D,PSA 407,Tract 22.01,Cluster 18,"Brightwood Park, Crestwood, Petworth",ZIP 20011,,"http://maps.google.com/maps?z=16&layer=c&cbll=38.95053304,-77.02702024&cbp=11,99.3329062330417,,0,2.09",303273,397657.82,142515.21,38.95053304,-77.02702024,1,,,DC39S901001,NL000074,2 - Expiring Subsidy,No,No,No,No
117,NL000076,3,36,11/1/97 0:00,11/1/27 0:00,,,Yes,98010,HUD/Insured Multifamily Mortgages,1/31/16 0:00,,Sec 542(c) HFA Risk Sharing-Existing,11/1/27 0:00,,US Dept of Housing and Urban Development,12/1/97 0:00,HUD-insured mortgage,8420,,52,NL000076,Active,Yes,Yes,No,Colorado Ave NW Cooperative,5746 Colorado Avenue NW,Washington,DC,20011,36,36,36,,Colorado Avenue Northwest Cooperative,,,Individual,12/1/97 0:00,12/1/97 0:00,11/1/27 0:00,11/1/27 0:00,Ward 4,No,ANC 4A,PSA 403,Tract 20.01,Cluster 18,"Brightwood Park, Crestwood, Petworth",ZIP 20011,,"http://maps.google.com/maps?z=16&layer=c&cbll=38.95982625,-77.03063166&cbp=11,302.366768579102,,0,2.09",257795,397345.12,143546.94,38.95982625,-77.03063166,1,,8420,,NL000076,5 - Other Subsidized Property,No,No,No,No
121,NL000077,4,406,5/1/03 0:00,5/1/43 0:00,,,No,35392,HUD/Insured Multifamily Mortgages,1/31/16 0:00,,Sec 221(d)(4) Mkt. Rate Mod Inc/Disp Fams,5/1/43 0:00,,US Dept of Housing and Urban Development,6/1/03 0:00,HUD-insured mortgage,6625,10/31/12 0:00,53,NL000077,Active,Yes,Yes,No,Columbia Heights Village Apts,2900 14th Street NW,Washington,DC,20009,406,406,406,12/27/01 0:00,Columbia Heights Village Apartments LP,Profit motivated,Crc Property Management LLC,Profit motivated,1/1/02 0:00,1/1/02 0:00,1/1/17 0:00,1/1/32 0:00,Ward 1,Yes,ANC 1A,PSA 302,Tract 28.02,Cluster 2,"Columbia Heights, Mt. Pleasant, Pleasant Plains, Park View",ZIP 20009,http://citizenatlas.dc.gov/mobilevideo/20040818/DI071845.jpg,"http://maps.google.com/maps?z=16&layer=c&cbll=38.92705741,-77.03274396&cbp=11,277.153881776764,,0,2.09",234356,397160.74,139909.37,38.92705741,-77.03274396,1,,6625,DC39M000053,NL000077,5 - Other Subsidized Property,No,No,No,No
119,NL000077,2,406,1/1/02 0:00,12/31/22 0:00,DC39M000053,Over 160% FMR,Yes,800215755/DC39M000053,HUD/Multifamily Assistance and Section 8 Contracts,1/29/16 0:00,,Sec 8 loan management set-aside,12/31/22 0:00,,US Dept of Housing and Urban Development,1/1/02 0:00,Project-based section 8,800215755,,53,NL000077,Active,Yes,Yes,No,Columbia Heights Village Apts,2900 14th Street NW,Washington,DC,20009,406,406,406,12/27/01 0:00,Columbia Heights Village Apartments LP,Profit motivated,Crc Property Management LLC,Profit motivated,1/1/02 0:00,1/1/02 0:00,1/1/17 0:00,1/1/32 0:00,Ward 1,Yes,ANC 1A,PSA 302,Tract 28.02,Cluster 2,"Columbia Heights, Mt. Pleasant, Pleasant Plains, Park View",ZIP 20009,http://citizenatlas.dc.gov/mobilevideo/20040818/DI071845.jpg,"http://maps.google.com/maps?z=16&layer=c&cbll=38.92705741,-77.03274396&cbp=11,277.153881776764,,0,2.09",234356,397160.74,139909.37,38.92705741,-77.03274396,1,,6625,DC39M000053,NL000077,5 - Other Subsidized Property,No,No,No,No
127,NL000080,4,163,4/1/00 0:00,11/1/36 0:00,,,Yes,35380,HUD/Insured Multifamily Mortgages,1/31/16 0:00,,Sec 223(a)(7)/221(d)(4) MKT Refi/Moderate Income,11/1/36 0:00,,US Dept of Housing and Urban Development,5/1/00 0:00,HUD-insured mortgage,7639,,56,NL000080,Active,Yes,Yes,No,Congress Park I (Congress Park Plaza Apts),1320 Congress Street SE,Washington,DC,20032,163,163,163,5/29/01 0:00,SE Washington Development Associates LP,Profit motivated,Edgewood Management Corporation,Profit motivated,8/3/83 0:00,5/1/00 0:00,4/1/15 0:00,11/1/36 0:00,Ward 8,Yes,ANC 8E,PSA 705,Tract 73.04,Cluster 38,"Douglas, Shipley Terrace",ZIP 20032,,"http://maps.google.com/maps?z=16&layer=c&cbll=38.84233443,-76.98754198&cbp=11,345.225100458088,,0,2.09",149920,401081.53,130504.03,38.84233443,-76.98754198,1,,7639,DC390012007,NL000080,5 - Other Subsidized Property,No,No,No,No
124,NL000080,1,162,8/3/14 0:00,8/2/34 0:00,DC390012007,Below 80% FMR,Yes,800003698/DC390012007,HUD/Multifamily Assistance and Section 8 Contracts,1/29/16 0:00,,Sec 8 property disposition substantial rehabilitation,8/2/34 0:00,,US Dept of Housing and Urban Development,8/3/83 0:00,Project-based section 8,800003698,,56,NL000080,Active,Yes,Yes,No,Congress Park I (Congress Park Plaza Apts),1320 Congress Street SE,Washington,DC,20032,163,163,163,5/29/01 0:00,SE Washington Development Associates LP,Profit motivated,Edgewood Management Corporation,Profit motivated,8/3/83 0:00,5/1/00 0:00,4/1/15 0:00,11/1/36 0:00,Ward 8,Yes,ANC 8E,PSA 705,Tract 73.04,Cluster 38,"Douglas, Shipley Terrace",ZIP 20032,,"http://maps.google.com/maps?z=16&layer=c&cbll=38.84233443,-76.98754198&cbp=11,345.225100458088,,0,2.09",149920,401081.53,130504.03,38.84233443,-76.98754198,1,,7639,DC390012007,NL000080,5 - Other Subsidized Property,No,No,No,No
128,NL000081,1,214,10/1/04 0:00,9/30/24 0:00,DC390017001,Below 80% FMR,Yes,800003699/DC390017001,HUD/Multifamily Assistance and Section 8 Contracts,1/29/16 0:00,,Sec 8 property disposition substantial rehabilitation,9/30/24 0:00,,US Dept of Housing and Urban Development,10/1/04 0:00,Project-based section 8,800003699,,57,NL000081,Active,Yes,Yes,No,Congress Park II,1313 Congress Street SE,Washington,DC,20032,214,214,214,,"SE Washington Development Associates II, LP",Profit motivated,Edgewood Management Corporation,Profit motivated,10/1/04 0:00,1/1/05 0:00,11/4/19 0:00,1/1/35 0:00,Ward 8,No,ANC 8E,PSA 705,Tract 73.04,Cluster 38,"Douglas, Shipley Terrace",ZIP 20032,http://citizenatlas.dc.gov/mobilevideo/20041018/MI090932.jpg,"http://maps.google.com/maps?z=16&layer=c&cbll=38.84202881,-76.98702323&cbp=11,163.87492491755,,0,2.09",155917,401126.57,130470.11,38.84202881,-76.98702323,1,,,DC390017001,NL000081,5 - Other Subsidized Property,No,No,No,No
132,NL000082,2,149,12/5/12 0:00,12/4/32 0:00,DC392815201,Between 80% & 100% FMR,Yes,800003702/DC392815201,HUD/Multifamily Assistance and Section 8 Contracts,1/29/16 0:00,,Sec 202 new construction,12/4/32 0:00,,US Dept of Housing and Urban Development,12/5/12 0:00,Section 202/811,800003702,,58,NL000082,Active,Yes,Yes,No,Delta Towers,1400 Florida Avenue NE,Washington,DC,20002,149,149,149,11/14/79 0:00,Delta Housing Corporation of D.C.,Non-profit,Fort Lincoln Realty Co.,Profit motivated,5/1/81 0:00,12/5/12 0:00,4/1/21 0:00,12/4/32 0:00,Ward 5,Yes,ANC 5D,PSA 506,Tract 88.02,Cluster 23,"Ivy City, Arboretum, Trinidad, Carver Langston",ZIP 20002,http://citizenatlas.dc.gov/mobilevideo/20040929/QT072549.jpg,"http://maps.google.com/maps?z=16&layer=c&cbll=38.9005577,-76.98433191&cbp=11,19.364740857352,,0,2.09",65280,401359.1,136967.29,38.9005577,-76.98433191,1,,,DC392815201,NL000082,5 - Other Subsidized Property,No,No,No,No
131,NL000082,1,149,5/1/81 0:00,4/1/21 0:00,,,Yes,,HUD - Active 202/811 Loans,10/8/10 0:00,,Sec 202/8 direct loan/elderly-handicapped,4/1/21 0:00,,US Dept of Housing and Urban Development,5/1/81 0:00,Section 202/811,,,58,NL000082,Active,Yes,Yes,No,Delta Towers,1400 Florida Avenue NE,Washington,DC,20002,149,149,149,11/14/79 0:00,Delta Housing Corporation of D.C.,Non-profit,Fort Lincoln Realty Co.,Profit motivated,5/1/81 0:00,12/5/12 0:00,4/1/21 0:00,12/4/32 0:00,Ward 5,Yes,ANC 5D,PSA 506,Tract 88.02,Cluster 23,"Ivy City, Arboretum, Trinidad, Carver Langston",ZIP 20002,http://citizenatlas.dc.gov/mobilevideo/20040929/QT072549.jpg,"http://maps.google.com/maps?z=16&layer=c&cbll=38.9005577,-76.98433191&cbp=11,19.364740857352,,0,2.09",65280,401359.1,136967.29,38.9005577,-76.98433191,1,,,DC392815201,NL000082,5 - Other Subsidized Property,No,No,No,No
136,NL000083,4,182,1/1/03 0:00,1/1/43 0:00,,,No,98023,HUD/Insured Multifamily Mortgages,1/31/16 0:00,,Sec 542(c) HFA Risk Sharing-Existing,1/1/43 0:00,,US Dept of Housing and Urban Development,2/1/03 0:00,HUD-insured mortgage,7228,10/21/13 0:00,59,NL000083,Active,Yes,Yes,No,Douglas Knoll Apts,1900 Savannah Terrace SE,Washington,DC,20020,185,185,185,,Douglas Knoll Cooperative LP / Michelle Owens,,,Individual,1/1/02 0:00,7/1/02 0:00,7/1/17 0:00,1/1/32 0:00,Ward 8,No,ANC 8E,PSA 704,Tract 74.03,Cluster 38,"Douglas, Shipley Terrace",ZIP 20020,http://citizenatlas.dc.gov/mobilevideo/20041014/ME130045.jpg,"http://maps.google.com/maps?z=16&layer=c&cbll=38.84768578,-76.97719609&cbp=11,305.018894545327,,0,2.09",150185,401979.55,131098.24,38.84768578,-76.97719609,1,,7228,,NL000083,5 - Other Subsidized Property,No,No,No,No
138,NL000084,2,45,4/1/15 0:00,3/31/16 0:00,DC39S951003,Between 80% & 100% FMR,Yes,800053918/DC39S951003,HUD/Multifamily Assistance and Section 8 Contracts,1/29/16 0:00,,Sec 202 project rental assistance contract,3/31/16 0:00,,US Dept of Housing and Urban Development,4/1/04 0:00,Project rental assistance contract,800053918,,60,NL000084,Active,Yes,Yes,No,Dupont Park Adventist Apts (Walter Washington Estates),896 Southern Avenue SE,Washington,DC,20032,45,45,45,9/26/02 0:00,Dupont Park Adventist Apartments,Non-profit,Dels Management Services,Limited dividend,4/1/04 0:00,5/10/05 0:00,3/31/16 0:00,5/10/25 0:00,Ward 8,No,ANC 8E,PSA 706,Tract 97,Cluster 39,"Congress Heights, Bellevue, Washington Highlands",ZIP 20032,,"http://maps.google.com/maps?z=16&layer=c&cbll=38.83035766,-76.99007435&cbp=11,308.730984198568,,0,2.09",81597,400861.83,129174.5,38.83035766,-76.99007435,1,,,DC39S951003,NL000084,2 - Expiring Subsidy,No,No,No,No
137,NL000084,1,,,,,,Yes,,NLIHC Value-Added,10/1/08 0:00,,Sec 202/811 capital advance,,,Other,,Section 202/811,,,60,NL000084,Active,Yes,Yes,No,Dupont Park Adventist Apts (Walter Washington Estates),896 Southern Avenue SE,Washington,DC,20032,45,45,45,9/26/02 0:00,Dupont Park Adventist Apartments,Non-profit,Dels Management Services,Limited dividend,4/1/04 0:00,5/10/05 0:00,3/31/16 0:00,5/10/25 0:00,Ward 8,No,ANC 8E,PSA 706,Tract 97,Cluster 39,"Congress Heights, Bellevue, Washington Highlands",ZIP 20032,,"http://maps.google.com/maps?z=16&layer=c&cbll=38.83035766,-76.99007435&cbp=11,308.730984198568,,0,2.09",81597,400861.83,129174.5,38.83035766,-76.99007435,1,,,DC39S951003,NL000084,2 - Expiring Subsidy,No,No,No,No
147,NL000091,1,114,11/1/14 0:00,10/31/34 0:00,DC39E000004,Between 101% & 120% FMR,Yes,800003705/DC39E000004,HUD/Multifamily Assistance and Section 8 Contracts,1/29/16 0:00,,Sec 8 property disposition existing,10/31/34 0:00,,US Dept of Housing and Urban Development,9/29/95 0:00,Project-based section 8,800003705,,64,NL000091,Active,Yes,Yes,No,Edgewood Terrace I,601 Edgewood Street NE,Washington,DC,20017,292,114,140,9/29/95 0:00,Edgewood Terrace One LLC,Profit motivated,Edgewood Management Corporation,Profit motivated,9/29/95 0:00,5/10/05 0:00,5/10/15 0:00,10/31/34 0:00,Ward 5,Yes,ANC 5E,PSA 502,Tract 92.04,Cluster 21,"Edgewood, Bloomingdale, Truxton Circle, Eckington",ZIP 20017,,,289571,400216.99,139558.38,38.92390014,-76.99749766,1,,,DC39E000004,NL000091,5 - Other Subsidized Property,No,No,No,No
151,NL000092,3,258,8/1/03 0:00,8/1/43 0:00,,,No,35391,HUD/Insured Multifamily Mortgages,1/31/16 0:00,,Sec 221(d)(4) Mkt. Rate Mod Inc/Disp Fams,8/1/43 0:00,,US Dept of Housing and Urban Development,9/1/03 0:00,HUD-insured mortgage,6623,5/15/14 0:00,65,NL000092,Active,Yes,Yes,No,Edgewood Terrace IV (The Vista),611 Edgewood Street NE,Washington,DC,20017,382,382,382,1/31/02 0:00,Edgewood IV Limited Partnership,Profit motivated,Edgewood Management Corporation,Profit motivated,1/1/02 0:00,2/1/02 0:00,1/31/22 0:00,1/1/32 0:00,Ward 5,Yes,ANC 5E,PSA 502,Tract 92.04,Cluster 21,"Edgewood, Bloomingdale, Truxton Circle, Eckington",ZIP 20017,http://citizenatlas.dc.gov/mobilevideo/20040812/MC075357.jpg,,289572,400184.11,139471.19,38.92311471,-76.99787686,1,,6623,DC39M000031,NL000092,5 - Other Subsidized Property,No,No,No,No
150,NL000092,2,103,2/1/02 0:00,1/31/22 0:00,DC39M000031,Between 121% & 130% FMR,Yes,800003706/DC39M000031,HUD/Multifamily Assistance and Section 8 Contracts,1/29/16 0:00,,Sec 8 loan management set-aside,1/31/22 0:00,,US Dept of Housing and Urban Development,2/1/02 0:00,Project-based section 8,800003706,,65,NL000092,Active,Yes,Yes,No,Edgewood Terrace IV (The Vista),611 Edgewood Street NE,Washington,DC,20017,382,382,382,1/31/02 0:00,Edgewood IV Limited Partnership,Profit motivated,Edgewood Management Corporation,Profit motivated,1/1/02 0:00,2/1/02 0:00,1/31/22 0:00,1/1/32 0:00,Ward 5,Yes,ANC 5E,PSA 502,Tract 92.04,Cluster 21,"Edgewood, Bloomingdale, Truxton Circle, Eckington",ZIP 20017,http://citizenatlas.dc.gov/mobilevideo/20040812/MC075357.jpg,,289572,400184.11,139471.19,38.92311471,-76.99787686,1,,6623,DC39M000031,NL000092,5 - Other Subsidized Property,No,No,No,No
154,NL000094,2,31,2/1/06 0:00,2/28/08 0:00,DC39M000039,Below 80% FMR,No,800003708/DC39M000039,HUD/Multifamily Assistance and Section 8 Contracts,12/28/07 0:00,,Sec 8 loan management set-aside,2/28/08 0:00,,US Dept of Housing and Urban Development,2/1/06 0:00,Project-based section 8,800003708,,67,NL000094,Active,Yes,No,No,Eleventh Street Apts,1107 11th Street NW,Washington,DC,20001,31,31,31,9/3/71 0:00,Bruce Finland (Not Yet Closed) S&h Associates Ltd. Partnership (Old),Limited dividend,S&h Associates Ltd. Partnership,Limited dividend,7/1/72 0:00,7/1/72 0:00,6/1/12 0:00,6/1/12 0:00,Ward 2,No,ANC 2F,PSA 307,Tract 49.02,Cluster 8,"Downtown, Chinatown, Penn Quarters, Mount Vernon Square, North Capitol Street",ZIP 20001,http://citizenatlas.dc.gov/mobilevideo/20040711/MB130155.jpg,"http://maps.google.com/maps?z=16&layer=c&cbll=38.90473485,-77.02670072&cbp=11,91.3382957410766,,0,2.09",239353,397684.03,137431.21,38.90473485,-77.02670072,1,,,DC39M000039,NL000094,5 - Other Subsidized Property,No,No,No,No
153,NL000094,1,31,7/1/72 0:00,6/1/12 0:00,,,Yes,,HUD - Active Section 236 Projects,8/29/08 0:00,,Sec 236(j)(1)/Lower Income Families,6/1/12 0:00,,US Dept of Housing and Urban Development,7/1/72 0:00,HUD-insured mortgage,,,67,NL000094,Active,Yes,No,No,Eleventh Street Apts,1107 11th Street NW,Washington,DC,20001,31,31,31,9/3/71 0:00,Bruce Finland (Not Yet Closed) S&h Associates Ltd. Partnership (Old),Limited dividend,S&h Associates Ltd. Partnership,Limited dividend,7/1/72 0:00,7/1/72 0:00,6/1/12 0:00,6/1/12 0:00,Ward 2,No,ANC 2F,PSA 307,Tract 49.02,Cluster 8,"Downtown, Chinatown, Penn Quarters, Mount Vernon Square, North Capitol Street",ZIP 20001,http://citizenatlas.dc.gov/mobilevideo/20040711/MB130155.jpg,"http://maps.google.com/maps?z=16&layer=c&cbll=38.90473485,-77.02670072&cbp=11,91.3382957410766,,0,2.09",239353,397684.03,137431.21,38.90473485,-77.02670072,1,,,DC39M000039,NL000094,5 - Other Subsidized Property,No,No,No,No
159,NL000096,5,12,9/1/15 0:00,10/31/15 0:00,DC39E000022,Below 80% FMR,Yes,800003704/DC39E000022,HUD/Multifamily Assistance and Section 8 Contracts,1/29/16 0:00,,Sec 8 property disposition existing,10/31/15 0:00,8/31/15 0:00,US Dept of Housing and Urban Development,9/1/07 0:00,Project-based section 8,800003704,,68,NL000096,Active,Yes,Yes,No,Elsinore Courtyards (Dhaka House),5330 E Street SE,Washington,DC,20019,152,151,152,11/5/12 0:00,SC Elsinore,Profit motivated,"Sanford Capital, LLC",Profit motivated,1/1/04 0:00,9/1/07 0:00,11/1/11 0:00,1/1/34 0:00,Ward 7,Yes,ANC 7E,PSA 604,Tract 99.05,Cluster 33,"Capitol View, Marshall Heights, Benning Heights",ZIP 20019,http://citizenatlas.dc.gov/mobilevideo/20040829/DT084549.jpg,"http://maps.google.com/maps?z=16&layer=c&cbll=38.8819949,-76.92557052&cbp=11,2.78138583377747,,0,2.09",9938,406457.93,134909.19,38.8819949,-76.92557052,1,,5629,DC39E000022,NL000096,2 - Expiring Subsidy,No,No,No,No
156,NL000096,2,152,6/1/04 0:00,6/1/44 0:00,,,No,98036,HUD/Insured Multifamily Mortgages,1/31/16 0:00,,Sec 542(c) HFA Risk Sharing-Recent Comp,6/1/44 0:00,,US Dept of Housing and Urban Development,7/1/04 0:00,HUD-insured mortgage,5629,3/17/10 0:00,68,NL000096,Active,Yes,Yes,No,Elsinore Courtyards (Dhaka House),5330 E Street SE,Washington,DC,20019,152,151,152,11/5/12 0:00,SC Elsinore,Profit motivated,"Sanford Capital, LLC",Profit motivated,1/1/04 0:00,9/1/07 0:00,11/1/11 0:00,1/1/34 0:00,Ward 7,Yes,ANC 7E,PSA 604,Tract 99.05,Cluster 33,"Capitol View, Marshall Heights, Benning Heights",ZIP 20019,http://citizenatlas.dc.gov/mobilevideo/20040829/DT084549.jpg,"http://maps.google.com/maps?z=16&layer=c&cbll=38.8819949,-76.92557052&cbp=11,2.78138583377747,,0,2.09",9938,406457.93,134909.19,38.8819949,-76.92557052,1,,5629,DC39E000022,NL000096,2 - Expiring Subsidy,No,No,No,No
165,NL000101,2,80,4/1/02 0:00,3/31/22 0:00,DC390007009,Between 121% & 130% FMR,Yes,800000032/DC390007009,HUD/Multifamily Assistance and Section 8 Contracts,1/29/16 0:00,,Sec 8 new construction,3/31/22 0:00,,US Dept of Housing and Urban Development,4/2/02 0:00,Project-based section 8,800000032,,72,NL000101,Active,Yes,Yes,No,Faircliff Plaza East,1356 Fairmont Street NW,Washington,DC,20009,80,80,80,3/8/02 0:00,"Faircliff Plaza East, LP",Profit motivated,"Eagle Point Management, LLC",Profit motivated,3/8/02 0:00,7/1/02 0:00,7/1/17 0:00,3/8/32 0:00,Ward 1,Yes,ANC 1B,PSA 304,Tract 36,Cluster 2,"Columbia Heights, Mt. Pleasant, Pleasant Plains, Park View",ZIP 20009,,"http://maps.google.com/maps?z=16&layer=c&cbll=38.92432713,-77.03190674&cbp=11,85.1411226916481,,0,2.09",284004,397233.23,139606.26,38.92432713,-77.03190674,1,,,DC390007009,NL000101,5 - Other Subsidized Property,No,No,No,No
169,NL000102,3,111,3/31/05 0:00,3/30/25 0:00,DC390001013,Between 141% & 160% FMR,Yes,800003709/DC390001013,HUD/Multifamily Assistance and Section 8 Contracts,1/29/16 0:00,,Sec 8 new construction,3/30/25 0:00,,US Dept of Housing and Urban Development,3/31/05 0:00,Project-based section 8,800003709,,73,NL000102,Active,Yes,Yes,No,Faircliff Plaza West,1400 Euclid Street NW,Washington,DC,20009,112,112,112,3/17/05 0:00,"FPW, LP",Profit motivated,"Eagle Point Management, LLC",Profit motivated,3/18/05 0:00,3/31/05 0:00,3/30/25 0:00,3/18/35 0:00,Ward 1,Yes,ANC 1B,PSA 304,Tract 37,Cluster 2,"Columbia Heights, Mt. Pleasant, Pleasant Plains, Park View",ZIP 20009,,"http://maps.google.com/maps?z=16&layer=c&cbll=38.92300711,-77.03234344&cbp=11,263.498277334554,,0,2.09",284013,397195.31,139459.74,38.92300711,-77.03234344,1,,,DC390001013,NL000102,5 - Other Subsidized Property,No,No,No,No
174,NL000103,5,96,1/1/07 0:00,12/31/23 0:00,DC39M000023,Between 141% & 160% FMR,Yes,800218816/DC39M000023,HUD/Multifamily Assistance and Section 8 Contracts,1/29/16 0:00,,Sec 8 loan management set-aside,12/31/23 0:00,,US Dept of Housing and Urban Development,1/1/07 0:00,Project-based section 8,800218816,,74,NL000103,Active,Yes,Yes,No,Fairmont I & II Apts,1400 Fairmont Street NW,Washington,DC,20009,203,203,203,12/26/02 0:00,New Fairmont LP,Non-profit,Richard Hausler,Profit motivated,2/1/04 0:00,1/1/07 0:00,2/1/19 0:00,2/1/44 0:00,Ward 1,Yes,ANC 1B,PSA 304,Tract 37,Cluster 2,"Columbia Heights, Mt. Pleasant, Pleasant Plains, Park View",ZIP 20009,http://citizenatlas.dc.gov/mobilevideo/20040921/DL135924.jpg,"http://maps.google.com/maps?z=16&layer=c&cbll=38.92422536,-77.03277391&cbp=11,185.780868354586,,0,2.09",234255,397158.03,139594.99,38.92422536,-77.03277391,1,,5829,DC39M000022,NL000103,5 - Other Subsidized Property,No,No,No,No
173,NL000103,4,109,1/1/07 0:00,12/31/23 0:00,DC39M000022,Between 141% & 160% FMR,Yes,800218816/DC39M000022,HUD/Multifamily Assistance and Section 8 Contracts,1/29/16 0:00,,Sec 8 loan management set-aside,12/31/23 0:00,,US Dept of Housing and Urban Development,1/1/07 0:00,Project-based section 8,800218816,,74,NL000103,Active,Yes,Yes,No,Fairmont I & II Apts,1400 Fairmont Street NW,Washington,DC,20009,203,203,203,12/26/02 0:00,New Fairmont LP,Non-profit,Richard Hausler,Profit motivated,2/1/04 0:00,1/1/07 0:00,2/1/19 0:00,2/1/44 0:00,Ward 1,Yes,ANC 1B,PSA 304,Tract 37,Cluster 2,"Columbia Heights, Mt. Pleasant, Pleasant Plains, Park View",ZIP 20009,http://citizenatlas.dc.gov/mobilevideo/20040921/DL135924.jpg,"http://maps.google.com/maps?z=16&layer=c&cbll=38.92422536,-77.03277391&cbp=11,185.780868354586,,0,2.09",234255,397158.03,139594.99,38.92422536,-77.03277391,1,,5829,DC39M000022,NL000103,5 - Other Subsidized Property,No,No,No,No
172,NL000103,3,205,5/1/05 0:00,5/1/40 0:00,,,Yes,98035,HUD/Insured Multifamily Mortgages,1/31/16 0:00,,Sec 542(c) HFA Risk Sharing-Recent Comp,5/1/40 0:00,,US Dept of Housing and Urban Development,6/1/05 0:00,HUD-insured mortgage,5829,,74,NL000103,Active,Yes,Yes,No,Fairmont I & II Apts,1400 Fairmont Street NW,Washington,DC,20009,203,203,203,12/26/02 0:00,New Fairmont LP,Non-profit,Richard Hausler,Profit motivated,2/1/04 0:00,1/1/07 0:00,2/1/19 0:00,2/1/44 0:00,Ward 1,Yes,ANC 1B,PSA 304,Tract 37,Cluster 2,"Columbia Heights, Mt. Pleasant, Pleasant Plains, Park View",ZIP 20009,http://citizenatlas.dc.gov/mobilevideo/20040921/DL135924.jpg,"http://maps.google.com/maps?z=16&layer=c&cbll=38.92422536,-77.03277391&cbp=11,185.780868354586,,0,2.09",234255,397158.03,139594.99,38.92422536,-77.03277391,1,,5829,DC39M000022,NL000103,5 - Other Subsidized Property,No,No,No,No
176,NL000105,1,24,3/9/06 0:00,9/8/06 0:00,,,No,800003714/,HUD/Multifamily Assistance and Section 8 Contracts,8/5/09 0:00,,Sec 8 substantial rehabilitation,9/8/06 0:00,,US Dept of Housing and Urban Development,3/9/06 0:00,Project-based section 8,800003714,,75,NL000105,Inactive,No,No,No,Fifteenth Street Cooperative,1903 15th Street NW,Washington,DC,20009,24,N,N,5/25/84 0:00,"Fifteenth Street Coop. Assoc., Inc.",Profit motivated,"Quantum Real Estate Management, LLC",Profit motivated,,,,,Ward 2,No,ANC 2B,PSA 301,Tract 43,Cluster 3,"Howard University, Le Droit Park, Cardozo/Shaw",ZIP 20009,http://citizenatlas.dc.gov/mobilevideo/20040822/QM122131.jpg,"http://maps.google.com/maps?z=16&layer=c&cbll=38.91592254,-77.0341411&cbp=11,86.1456203809342,,0,2.09",218551,397039.13,138673.35,38.91592254,-77.0341411,1,,,,NL000105,6 - Lost Rental,No,No,Yes,No
184,NL000111,1,187,10/1/11 0:00,9/30/31 0:00,DC390001010,Between 101% & 120% FMR,Yes,800003717/DC390001010,HUD/Multifamily Assistance and Section 8 Contracts,1/29/16 0:00,,Sec 8 new construction,9/30/31 0:00,,US Dept of Housing and Urban Development,10/1/06 0:00,Project-based section 8,800003717,,79,NL000111,Active,Yes,Yes,No,Fort Lincoln Senior Village I,3001 Bladensburg Road NE,Washington,DC,20018,187,187,187,12/2/76 0:00,Fort Lincoln Senior Village No. I Associates,Profit motivated,Fort Lincoln Realty Co.,Profit motivated,10/1/06 0:00,10/1/06 0:00,9/30/31 0:00,9/30/31 0:00,Ward 5,Yes,ANC 5C,PSA 503,Tract 90,Cluster 24,"Woodridge, Fort Lincoln, Gateway",ZIP 20018,http://citizenatlas.dc.gov/mobilevideo/20040927/QR121629.jpg,,287351,403447.95,140054.18,38.92835972,-76.96023556,1,,,DC390001010,NL000111,5 - Other Subsidized Property,No,No,No,No
185,NL000112,1,176,10/1/10 0:00,9/30/30 0:00,DC398023003,Between 101% & 120% FMR,Yes,800003715/DC398023003,HUD/Multifamily Assistance and Section 8 Contracts,1/29/16 0:00,,Sec 8 new construction,9/30/30 0:00,,US Dept of Housing and Urban Development,2/12/79 0:00,Project-based section 8,800003715,,80,NL000112,Active,Yes,Yes,No,Fort Lincoln Senior Village II,3005 Bladensburg Road NE,Washington,DC,20018,177,176,176,12/3/76 0:00,Fort Lincoln Senior Village II Limited Partnership,Profit motivated,Fort Lincoln Realty Co.,Profit motivated,2/12/79 0:00,2/12/79 0:00,9/30/30 0:00,9/30/30 0:00,Ward 5,Yes,ANC 5C,PSA 503,Tract 90,Cluster 24,"Woodridge, Fort Lincoln, Gateway",ZIP 20018,http://citizenatlas.dc.gov/mobilevideo/20040927/QR121515.jpg,,287362,403531.77,140110.4,38.92886584,-76.95926859,1,,,DC398023003,NL000112,5 - Other Subsidized Property,No,No,No,No
186,NL000113,1,304,11/1/11 0:00,10/31/31 0:00,DC398023020,Between 101% & 120% FMR,Yes,800003716/DC398023020,HUD/Multifamily Assistance and Section 8 Contracts,1/29/16 0:00,,Sec 8 new construction,10/31/31 0:00,,US Dept of Housing and Urban Development,11/1/06 0:00,Project-based section 8,800003716,,81,NL000113,Active,Yes,Yes,No,Fort Lincoln Senior Village III,3298 Fort Lincoln Drive NE,Washington,DC,20018,306,304,304,9/30/80 0:00,Fort Lincoln Senior Village III Limited Partnershi,Limited dividend,Fort Lincoln Realty Co.,Profit motivated,11/1/06 0:00,11/1/06 0:00,10/31/31 0:00,10/31/31 0:00,Ward 5,Yes,ANC 5C,PSA 503,Tract 90,Cluster 24,"Woodridge, Fort Lincoln, Gateway",ZIP 20018,,,151262,403752.35,139266.78,38.92126533,-76.95672928,1,,,DC398023020,NL000113,5 - Other Subsidized Property,No,No,No,No
188,NL000114,2,76,6/1/15 0:00,5/31/16 0:00,DC39L000078,Below 80% FMR,Yes,800003719/DC39L000078,HUD/Multifamily Assistance and Section 8 Contracts,1/29/16 0:00,,Sec 8 loan management set-aside,5/31/16 0:00,5/31/15 0:00,US Dept of Housing and Urban Development,8/1/05 0:00,Project-based section 8,800003719,,82,NL000114,Active,Yes,No,No,Foster House,801 Rhode Island Avenue NW,Washington,DC,20001,74,74,74,,New Bethel Bapt. Church Hsg.Corp.Inc.(Payee),Non-profit,"Key Property Management Services-DC, LLC",Profit motivated,8/1/05 0:00,8/1/05 0:00,5/31/16 0:00,5/31/16 0:00,Ward 6,Yes,ANC 6E,PSA 308,Tract 49.01,Cluster 7,"Shaw, Logan Circle",ZIP 20001,http://citizenatlas.dc.gov/mobilevideo/20040926/QQ124728.jpg,"http://maps.google.com/maps?z=16&layer=c&cbll=38.91215284,-77.02346652&cbp=11,335.486433631574,,0,2.09",225972,397964.77,138254.59,38.91215284,-77.02346652,1,,10621,DC39L000078,NL000114,1 - At-Risk or Flagged for Follow-up,Yes,No,No,No
187,NL000114,1,76,4/1/74 0:00,4/1/14 0:00,,,No,44104,HUD/Insured Multifamily Mortgages,1/31/16 0:00,,Sec 236(j)(1)/Lower Income Families,4/1/14 0:00,,US Dept of Housing and Urban Development,5/1/74 0:00,HUD-insured mortgage,10621,4/1/14 0:00,82,NL000114,Active,Yes,No,No,Foster House,801 Rhode Island Avenue NW,Washington,DC,20001,74,74,74,,New Bethel Bapt. Church Hsg.Corp.Inc.(Payee),Non-profit,"Key Property Management Services-DC, LLC",Profit motivated,8/1/05 0:00,8/1/05 0:00,5/31/16 0:00,5/31/16 0:00,Ward 6,Yes,ANC 6E,PSA 308,Tract 49.01,Cluster 7,"Shaw, Logan Circle",ZIP 20001,http://citizenatlas.dc.gov/mobilevideo/20040926/QQ124728.jpg,"http://maps.google.com/maps?z=16&layer=c&cbll=38.91215284,-77.02346652&cbp=11,335.486433631574,,0,2.09",225972,397964.77,138254.59,38.91215284,-77.02346652,1,,10621,DC39L000078,NL000114,1 - At-Risk or Flagged for Follow-up,Yes,No,No,No
191,NL000116,1,100,4/28/14 0:00,4/27/19 0:00,DC39H001004,Between 101% & 120% FMR,Yes,800003720/DC39H001004,HUD/Multifamily Assistance and Section 8 Contracts,1/29/16 0:00,,Sec 8 housing finance agency new construction,4/27/19 0:00,,US Dept of Housing and Urban Development,9/28/03 0:00,Project-based section 8,800003720,,84,NL000116,Active,Yes,Yes,No,Franklin Commons,101 Franklin Street NE,Washington,DC,20002,100,100,100,10/22/82 0:00,Franklin Commons Limited Partnership,Limited dividend,Horning Brothers,Profit motivated,9/28/03 0:00,9/28/03 0:00,4/27/19 0:00,4/27/19 0:00,Ward 5,Yes,ANC 5E,PSA 502,Tract 92.03,Cluster 21,"Edgewood, Bloomingdale, Truxton Circle, Eckington",ZIP 20002,http://citizenatlas.dc.gov/mobilevideo/20040812/MC111408.jpg,"http://maps.google.com/maps?z=16&layer=c&cbll=38.92575316,-77.00499432&cbp=11,211.759611876131,,0,2.09",149719,399566.93,139764.09,38.92575316,-77.00499432,1,,,DC39H001004,NL000116,5 - Other Subsidized Property,No,No,No,No
194,NL000117,3,152,4/1/12 0:00,4/1/47 0:00,,,Yes,11213,HUD/Insured Multifamily Mortgages,1/31/16 0:00,,Sec 207/223(f) Pur/Refin Hsg.,4/1/47 0:00,,,,HUD-insured mortgage,9425,,85,NL000117,Active,Yes,Yes,No,Frederick Douglass (Douglas Glen Gardens),1460 Bangor Street SE; 1462 Bangor Street SE; 1452 Bangor Street SE; others,Washington,DC,20020,152,152,152,,Frederick Douglass Housing Limited Partnership,Profit motivated,Edgewood Management Corporation,Profit motivated,12/1/80 0:00,12/1/80 0:00,11/30/20 0:00,4/1/47 0:00,Ward 8,Yes,ANC 8A,PSA 701,Tract 75.03,Cluster 28,Historic Anacostia,ZIP 20020,http://citizenatlas.dc.gov/mobilevideo/20040822/DM100418.jpg,"http://maps.google.com/maps?z=16&layer=c&cbll=38.86093904,-76.98622536&cbp=11,46.3445615514397,,0,2.09",150028,401219.092,132555.312,38.86081309,-76.98595379,5,,9425,DC390009001,NL000117,5 - Other Subsidized Property,No,No,No,No
193,NL000117,2,152,4/1/81 0:00,4/1/21 0:00,,,No,35192,HUD/Insured Multifamily Mortgages,1/31/16 0:00,,Sec 221(d)(3) Mkt. Rate Moderate Inc/Disp Fams,4/1/21 0:00,,US Dept of Housing and Urban Development,5/1/81 0:00,HUD-insured mortgage,9425,3/29/12 0:00,85,NL000117,Active,Yes,Yes,No,Frederick Douglass (Douglas Glen Gardens),1460 Bangor Street SE; 1462 Bangor Street SE; 1452 Bangor Street SE; others,Washington,DC,20020,152,152,152,,Frederick Douglass Housing Limited Partnership,Profit motivated,Edgewood Management Corporation,Profit motivated,12/1/80 0:00,12/1/80 0:00,11/30/20 0:00,4/1/47 0:00,Ward 8,Yes,ANC 8A,PSA 701,Tract 75.03,Cluster 28,Historic Anacostia,ZIP 20020,http://citizenatlas.dc.gov/mobilevideo/20040822/DM100418.jpg,"http://maps.google.com/maps?z=16&layer=c&cbll=38.86093904,-76.98622536&cbp=11,46.3445615514397,,0,2.09",150028,401219.092,132555.312,38.86081309,-76.98595379,5,,9425,DC390009001,NL000117,5 - Other Subsidized Property,No,No,No,No
192,NL000117,1,150,12/1/80 0:00,11/30/20 0:00,DC390009001,Between 80% & 100% FMR,Yes,800003721/DC390009001,HUD/Multifamily Assistance and Section 8 Contracts,1/29/16 0:00,,Sec 8 substantial rehabilitation,11/30/20 0:00,,US Dept of Housing and Urban Development,12/1/80 0:00,Project-based section 8,800003721,,85,NL000117,Active,Yes,Yes,No,Frederick Douglass (Douglas Glen Gardens),1460 Bangor Street SE; 1462 Bangor Street SE; 1452 Bangor Street SE; others,Washington,DC,20020,152,152,152,,Frederick Douglass Housing Limited Partnership,Profit motivated,Edgewood Management Corporation,Profit motivated,12/1/80 0:00,12/1/80 0:00,11/30/20 0:00,4/1/47 0:00,Ward 8,Yes,ANC 8A,PSA 701,Tract 75.03,Cluster 28,Historic Anacostia,ZIP 20020,http://citizenatlas.dc.gov/mobilevideo/20040822/DM100418.jpg,"http://maps.google.com/maps?z=16&layer=c&cbll=38.86093904,-76.98622536&cbp=11,46.3445615514397,,0,2.09",150028,401219.092,132555.312,38.86081309,-76.98595379,5,,9425,DC390009001,NL000117,5 - Other Subsidized Property,No,No,No,No
200,NL000120,4,180,9/1/10 0:00,9/1/45 0:00,,,Yes,11201,HUD/Insured Multifamily Mortgages,1/31/16 0:00,,Sec 207/223(f) Pur/Refin Hsg.,9/1/45 0:00,,US Dept of Housing and Urban Development,10/1/10 0:00,HUD-insured mortgage,19444,,87,NL000120,Active,Yes,Yes,No,Friendship Terrace,4201 Butterworth Place NW,Washington,DC,20016,199,182,199,,"Episcopal Church Home, Friendship, Inc.",Non-profit,"Coordinated Services Management, Inc.",Profit motivated,2/1/73 0:00,10/1/10 0:00,1/1/23 0:00,9/1/45 0:00,Ward 3,Yes,ANC 3E,PSA 202,Tract 10.01,Cluster 11,"Friendship Heights, American University Park, Tenleytown",ZIP 20016,http://citizenatlas.dc.gov/mobilevideo/20040726/OQ083015.jpg,"http://maps.google.com/maps?z=16&layer=c&cbll=38.94907321,-77.08236855&cbp=11,279.627115951404,,0,2.09",266144,392859.95,142356.03,38.94907321,-77.08236855,1,,19444,DC39M000054,NL000120,5 - Other Subsidized Property,No,No,No,No
199,NL000120,3,40,9/1/15 0:00,8/31/35 0:00,DC39M000054,Between 101% & 120% FMR,Yes,800003722/DC39M000054,HUD/Multifamily Assistance and Section 8 Contracts,1/29/16 0:00,,Sec 8 loan management set-aside,8/31/35 0:00,8/31/15 0:00,US Dept of Housing and Urban Development,10/1/07 0:00,Project-based section 8,800003722,,87,NL000120,Active,Yes,Yes,No,Friendship Terrace,4201 Butterworth Place NW,Washington,DC,20016,199,182,199,,"Episcopal Church Home, Friendship, Inc.",Non-profit,"Coordinated Services Management, Inc.",Profit motivated,2/1/73 0:00,10/1/10 0:00,1/1/23 0:00,9/1/45 0:00,Ward 3,Yes,ANC 3E,PSA 202,Tract 10.01,Cluster 11,"Friendship Heights, American University Park, Tenleytown",ZIP 20016,http://citizenatlas.dc.gov/mobilevideo/20040726/OQ083015.jpg,"http://maps.google.com/maps?z=16&layer=c&cbll=38.94907321,-77.08236855&cbp=11,279.627115951404,,0,2.09",266144,392859.95,142356.03,38.94907321,-77.08236855,1,,19444,DC39M000054,NL000120,5 - Other Subsidized Property,No,No,No,No
198,NL000120,2,40,2/1/73 0:00,1/1/23 0:00,,,Yes,,HUD - Active 202/811 Loans,10/1/09 0:00,,Sec 202 direct loan/elderly/pre-1974,1/1/23 0:00,,US Dept of Housing and Urban Development,2/1/73 0:00,Section 202/811,,,87,NL000120,Active,Yes,Yes,No,Friendship Terrace,4201 Butterworth Place NW,Washington,DC,20016,199,182,199,,"Episcopal Church Home, Friendship, Inc.",Non-profit,"Coordinated Services Management, Inc.",Profit motivated,2/1/73 0:00,10/1/10 0:00,1/1/23 0:00,9/1/45 0:00,Ward 3,Yes,ANC 3E,PSA 202,Tract 10.01,Cluster 11,"Friendship Heights, American University Park, Tenleytown",ZIP 20016,http://citizenatlas.dc.gov/mobilevideo/20040726/OQ083015.jpg,"http://maps.google.com/maps?z=16&layer=c&cbll=38.94907321,-77.08236855&cbp=11,279.627115951404,,0,2.09",266144,392859.95,142356.03,38.94907321,-77.08236855,1,,19444,DC39M000054,NL000120,5 - Other Subsidized Property,No,No,No,No
204,NL000126,2,84,6/1/06 0:00,5/31/26 0:00,DC39K100003,Below 80% FMR,Yes,800024702/DC39K100003,HUD/Multifamily Assistance and Section 8 Contracts,1/29/16 0:00,,Sec 8 property disposition moderate rehabilitation,5/31/26 0:00,,US Dept of Housing and Urban Development,6/1/06 0:00,Project-based section 8,800024702,,90,NL000126,Active,Yes,Yes,No,Galen Terrace,1649 W Street SE,Washington,DC,20020,84,84,84,3/1/06 0:00,"Galen Terrace, LP",Profit motivated,"Eagle Point Management, LLC",Profit motivated,1/1/06 0:00,3/1/07 0:00,3/1/22 0:00,1/1/36 0:00,Ward 8,Yes,ANC 8A,PSA 701,Tract 75.04,Cluster 28,Historic Anacostia,ZIP 20020,,"http://maps.google.com/maps?z=16&layer=c&cbll=38.86277033,-76.98141933&cbp=11,19.6280867513984,,0,2.09",148153,401612.6,132772.65,38.86277033,-76.98141933,1,,,DC39K100003,NL000126,5 - Other Subsidized Property,No,No,No,No
209,NL000127,3,94,6/1/06 0:00,6/1/36 0:00,,,Yes,97262,HUD/Insured Multifamily Mortgages,1/31/16 0:00,,Sec 542(b) QPE Risk Sharing-Existing,6/1/36 0:00,,US Dept of Housing and Urban Development,7/1/06 0:00,HUD-insured mortgage,832,,91,NL000127,Active,Yes,No,No,Garfield Hills Apts (Garfield Park),2303 Hartford Street SE,Washington,DC,20020,94,94,94,3/24/06 0:00,"Garfield Hills Preservation Associates, LP",Profit motivated,"POAH Communities, LLC",Profit motivated,9/1/99 0:00,1/1/07 0:00,9/1/14 0:00,1/1/37 0:00,Ward 8,Yes,ANC 8B,PSA 702,Tract 74.08,Cluster 36,"Woodland/Fort Stanton, Garfield Heights, Knox Hill",ZIP 20020,,"http://maps.google.com/maps?z=16&layer=c&cbll=38.85383641,-76.97272627&cbp=11,192.185806822887,,0,2.09",148203,402367.36,131781.11,38.85383641,-76.97272627,1,,832,DC39H001002,NL000127,5 - Other Subsidized Property,No,No,No,No
208,NL000127,2,93,8/1/04 0:00,7/31/24 0:00,DC39H001002,Below 80% FMR,Yes,800003724/DC39H001002,HUD/Multifamily Assistance and Section 8 Contracts,1/29/16 0:00,,Sec 8 housing finance agency substantial rehabilitation,7/31/24 0:00,,US Dept of Housing and Urban Development,8/1/04 0:00,Project-based section 8,800003724,,91,NL000127,Active,Yes,No,No,Garfield Hills Apts (Garfield Park),2303 Hartford Street SE,Washington,DC,20020,94,94,94,3/24/06 0:00,"Garfield Hills Preservation Associates, LP",Profit motivated,"POAH Communities, LLC",Profit motivated,9/1/99 0:00,1/1/07 0:00,9/1/14 0:00,1/1/37 0:00,Ward 8,Yes,ANC 8B,PSA 702,Tract 74.08,Cluster 36,"Woodland/Fort Stanton, Garfield Heights, Knox Hill",ZIP 20020,,"http://maps.google.com/maps?z=16&layer=c&cbll=38.85383641,-76.97272627&cbp=11,192.185806822887,,0,2.09",148203,402367.36,131781.11,38.85383641,-76.97272627,1,,832,DC39H001002,NL000127,5 - Other Subsidized Property,No,No,No,No
218,NL000133,4,219,1/1/12 0:00,1/1/52 0:00,,,Yes,35440,HUD/Insured Multifamily Mortgages,1/31/16 0:00,,Sec 221(d)(3) Mkt. Rate Moderate Inc/Disp Fams,1/1/52 0:00,,US Dept of Housing and Urban Development,2/1/12 0:00,HUD-insured mortgage,19242,,96,NL000133,Active,Yes,Yes,Yes,Gibson Plaza,1301 7th Street NW,Washington,DC,20001,217,217,217,5/11/98 0:00,First Rising Mt. Zion Baptist Church Hsg. Cor,Non-profit,Crawford Edgewood Managers,Profit motivated,8/1/05 0:00,2/1/12 0:00,7/31/34 0:00,1/1/52 0:00,Ward 6,Yes,ANC 6E,PSA 308,Tract 48.02,Cluster 7,"Shaw, Logan Circle",ZIP 20001,http://citizenatlas.dc.gov/mobilevideo/20040926/QQ112746.jpg,"http://maps.google.com/maps?z=16&layer=c&cbll=38.90794224,-77.02165259&cbp=11,104.586964789123,,0,2.09",238632,398121.98,137787.14,38.90794224,-77.02165259,1,,19242,DC39M000033,NL000133,3 - Recent Failing REAC Score,No,No,No,No
217,NL000133,3,122,8/1/14 0:00,7/31/34 0:00,DC39M000033,Between 131% & 140% FMR,Yes,800003725/DC39M000033,HUD/Multifamily Assistance and Section 8 Contracts,1/29/16 0:00,,Sec 8 loan management set-aside,7/31/34 0:00,,US Dept of Housing and Urban Development,8/1/05 0:00,Project-based section 8,800003725,,96,NL000133,Active,Yes,Yes,Yes,Gibson Plaza,1301 7th Street NW,Washington,DC,20001,217,217,217,5/11/98 0:00,First Rising Mt. Zion Baptist Church Hsg. Cor,Non-profit,Crawford Edgewood Managers,Profit motivated,8/1/05 0:00,2/1/12 0:00,7/31/34 0:00,1/1/52 0:00,Ward 6,Yes,ANC 6E,PSA 308,Tract 48.02,Cluster 7,"Shaw, Logan Circle",ZIP 20001,http://citizenatlas.dc.gov/mobilevideo/20040926/QQ112746.jpg,"http://maps.google.com/maps?z=16&layer=c&cbll=38.90794224,-77.02165259&cbp=11,104.586964789123,,0,2.09",238632,398121.98,137787.14,38.90794224,-77.02165259,1,,19242,DC39M000033,NL000133,3 - Recent Failing REAC Score,No,No,No,No